id,type,priority,status,milestone,wave,epic_ids,domain,persona,statement,verification,source_scope
URS-F-0001,Functional,Must,Proposed,M0,0,EPIC-000,governance,Maintainer,The system shall maintain a version-pinned parity inventory against Kestra v1.3.30 and its documented public behavior.,"Authorization, audit and administrative end-to-end tests",Kestra v1.3.30 public behavior and architecture parity baseline
URS-F-0002,Functional,Must,Proposed,M0,0,EPIC-000,governance,Maintainer,"The system shall record source provenance for every compatibility requirement and prohibit copying source code, UI assets, trademarks, or documentation prose.","Authorization, audit and administrative end-to-end tests",Kestra v1.3.30 public behavior and architecture parity baseline
URS-F-0003,Functional,Must,Proposed,M0,0,EPIC-000,governance,Maintainer,The system shall separate reference researchers from implementers when a strict clean-room mode is selected.,"Authorization, audit and administrative end-to-end tests",Kestra v1.3.30 public behavior and architecture parity baseline
URS-F-0004,Functional,Must,Proposed,M0,0,EPIC-000,governance,Maintainer,The system shall run automated similarity and license scans before every release.,"Authorization, audit and administrative end-to-end tests",Kestra v1.3.30 public behavior and architecture parity baseline
URS-F-0005,Functional,Must,Proposed,M0,0,EPIC-000,governance,Maintainer,"The system shall document trademark-safe naming, attribution, notices, and contribution provenance.","Authorization, audit and administrative end-to-end tests",Kestra v1.3.30 public behavior and architecture parity baseline
URS-F-0006,Functional,Must,Proposed,M0,0,EPIC-000,governance,Maintainer,"The system shall track parity gaps, intentional differences, deferred features, and evidence in a machine-readable matrix.","Authorization, audit and administrative end-to-end tests",Kestra v1.3.30 public behavior and architecture parity baseline
URS-F-0007,Functional,Must,Proposed,M0,0,EPIC-000,governance,Maintainer,The system shall provide a repeatable procedure for rebasing the parity target to a later upstream release.,"Authorization, audit and administrative end-to-end tests",Kestra v1.3.30 public behavior and architecture parity baseline
URS-F-0008,Functional,Must,Proposed,M0,0,EPIC-001,engineering,Contributor,"The system shall provide documented local development commands for backend, frontend, workers, plugins and documentation.",Repository validation and CI tests,Kestra v1.3.30 public behavior and architecture parity baseline
URS-F-0009,Functional,Must,Proposed,M0,0,EPIC-001,engineering,Contributor,"The system shall enforce formatting, linting, typing, tests, dependency review and secret scanning in continuous integration.",Repository validation and CI tests,Kestra v1.3.30 public behavior and architecture parity baseline
URS-F-0010,Functional,Must,Proposed,M0,0,EPIC-001,engineering,Contributor,"The system shall build reproducible source archives, containers, software bills of materials and signed release provenance.",Repository validation and CI tests,Kestra v1.3.30 public behavior and architecture parity baseline
URS-F-0011,Functional,Must,Proposed,M0,0,EPIC-001,engineering,Contributor,The system shall apply semantic versioning and publish migration notes for every incompatible change.,Repository validation and CI tests,Kestra v1.3.30 public behavior and architecture parity baseline
URS-F-0012,Functional,Must,Proposed,M0,0,EPIC-001,engineering,Contributor,"The system shall support conventional commits, pull request templates, issue forms and ownership rules.",Repository validation and CI tests,Kestra v1.3.30 public behavior and architecture parity baseline
URS-F-0013,Functional,Must,Proposed,M0,0,EPIC-001,engineering,Contributor,"The system shall validate repository structure, generated files, requirement traceability and architectural decision status.",Repository validation and CI tests,Kestra v1.3.30 public behavior and architecture parity baseline
URS-F-0014,Functional,Must,Proposed,M0,0,EPIC-001,engineering,Contributor,The system shall provide development containers and a Docker Compose reference environment.,Repository validation and CI tests,Kestra v1.3.30 public behavior and architecture parity baseline
URS-F-0015,Functional,Must,Verified,M0,0,EPIC-002,domain,Platform developer,"The system shall define canonical identifiers for tenants, namespaces, flows, revisions, executions, task runs, triggers, workers, plugins and assets.",Domain model unit and serialization compatibility tests,Kestra v1.3.30 public behavior and architecture parity baseline
URS-F-0016,Functional,Must,Verified,M0,0,EPIC-002,domain,Platform developer,"The system shall validate identifier syntax, reserved words, length limits and case behavior consistently across all interfaces.",Domain model unit and serialization compatibility tests,Kestra v1.3.30 public behavior and architecture parity baseline
URS-F-0017,Functional,Must,Verified,M0,0,EPIC-002,domain,Platform developer,The system shall use sortable globally unique identifiers for mutable runtime records while preserving user-facing natural keys.,Domain model unit and serialization compatibility tests,Kestra v1.3.30 public behavior and architecture parity baseline
URS-F-0018,Functional,Must,Verified,M0,0,EPIC-002,domain,Platform developer,"The system shall represent labels, annotations, timestamps, actor identity and resource version on every managed resource.",Domain model unit and serialization compatibility tests,Kestra v1.3.30 public behavior and architecture parity baseline
URS-F-0019,Functional,Must,Verified,M0,0,EPIC-002,domain,Platform developer,The system shall support optimistic concurrency through entity versions or entity tags.,Domain model unit and serialization compatibility tests,Kestra v1.3.30 public behavior and architecture parity baseline
URS-F-0020,Functional,Must,Verified,M0,0,EPIC-002,domain,Platform developer,"The system shall define deletion, archival, tombstone and restoration semantics for each resource type.",Domain model unit and serialization compatibility tests,Kestra v1.3.30 public behavior and architecture parity baseline
URS-F-0021,Functional,Must,Verified,M0,0,EPIC-002,domain,Platform developer,"The system shall serialize resources deterministically for hashing, diffing, signing and cache keys.",Domain model unit and serialization compatibility tests,Kestra v1.3.30 public behavior and architecture parity baseline
URS-F-0022,Functional,Must,Proposed,M0,0,EPIC-003,platform,Operator,"The system shall load configuration from files, environment variables, command-line flags and secret references with a documented precedence order.",Configuration and service integration tests,Kestra v1.3.30 public behavior and architecture parity baseline
URS-F-0023,Functional,Must,Proposed,M0,0,EPIC-003,platform,Operator,The system shall validate all configuration at startup and reject unsafe or contradictory combinations.,Configuration and service integration tests,Kestra v1.3.30 public behavior and architecture parity baseline
URS-F-0024,Functional,Must,Proposed,M0,0,EPIC-003,platform,Operator,"The system shall redact secrets from diagnostics, API responses, logs and crash reports.",Configuration and service integration tests,Kestra v1.3.30 public behavior and architecture parity baseline
URS-F-0025,Functional,Must,Proposed,M0,0,EPIC-003,platform,Operator,The system shall support dynamic reload only for explicitly reloadable settings.,Configuration and service integration tests,Kestra v1.3.30 public behavior and architecture parity baseline
URS-F-0026,Functional,Must,Proposed,M0,0,EPIC-003,platform,Operator,The system shall expose effective non-secret configuration and provenance to authorized administrators.,Configuration and service integration tests,Kestra v1.3.30 public behavior and architecture parity baseline
URS-F-0027,Functional,Must,Proposed,M0,0,EPIC-003,platform,Operator,"The system shall provide feature flags with tenant, namespace and instance scopes.",Configuration and service integration tests,Kestra v1.3.30 public behavior and architecture parity baseline
URS-F-0028,Functional,Must,Proposed,M0,0,EPIC-003,platform,Operator,The system shall support deprecation warnings and automated migration of renamed settings.,Configuration and service integration tests,Kestra v1.3.30 public behavior and architecture parity baseline
URS-F-0029,Functional,Must,Verified,M0,0,EPIC-004,dsl,Workflow author,The system shall parse YAML and JSON flow definitions into a versioned canonical intermediate representation.,"Parser, schema, rendering and compatibility tests",Kestra v1.3.30 public behavior and architecture parity baseline
URS-F-0030,Functional,Must,Verified,M0,0,EPIC-004,dsl,Workflow author,"The system shall validate required fields, types, uniqueness, references, cycles and plugin-specific properties.","Parser, schema, rendering and compatibility tests",Kestra v1.3.30 public behavior and architecture parity baseline
URS-F-0031,Functional,Must,Verified,M0,0,EPIC-004,dsl,Workflow author,The system shall preserve comments and stable formatting where practical during visual or programmatic edits.,"Parser, schema, rendering and compatibility tests",Kestra v1.3.30 public behavior and architecture parity baseline
URS-F-0032,Functional,Must,Verified,M0,0,EPIC-004,dsl,Workflow author,The system shall generate JSON Schema and editor metadata for every core and plugin-defined resource.,"Parser, schema, rendering and compatibility tests",Kestra v1.3.30 public behavior and architecture parity baseline
URS-F-0033,Functional,Must,Verified,M0,0,EPIC-004,dsl,Workflow author,"The system shall support namespaces, flow identifiers, descriptions, labels, inputs, variables, tasks, triggers, errors, finally blocks and outputs.","Parser, schema, rendering and compatibility tests",Kestra v1.3.30 public behavior and architecture parity baseline
URS-F-0034,Functional,Must,Verified,M0,0,EPIC-004,dsl,Workflow author,The system shall return machine-readable validation errors with source ranges and remediation hints.,"Parser, schema, rendering and compatibility tests",Kestra v1.3.30 public behavior and architecture parity baseline
URS-F-0035,Functional,Must,Verified,M0,0,EPIC-004,dsl,Workflow author,The system shall support forward-compatible extension fields while rejecting unknown core fields by policy.,"Parser, schema, rendering and compatibility tests",Kestra v1.3.30 public behavior and architecture parity baseline
URS-F-0036,Functional,Must,Verified,M0,0,EPIC-004,dsl,Workflow author,The system shall calculate deterministic semantic hashes that ignore non-semantic formatting.,"Parser, schema, rendering and compatibility tests",Kestra v1.3.30 public behavior and architecture parity baseline
URS-F-0037,Functional,Must,Verified,M0,0,EPIC-005,dsl,Workflow author,"The system shall render scalar, collection and object values against a documented execution context.","Parser, schema, rendering and compatibility tests",Kestra v1.3.30 public behavior and architecture parity baseline
URS-F-0038,Functional,Must,Verified,M0,0,EPIC-005,dsl,Workflow author,"The system shall support conditions, filters, functions, date operations, collection operations, JSON and YAML conversion and safe string handling.","Parser, schema, rendering and compatibility tests",Kestra v1.3.30 public behavior and architecture parity baseline
URS-F-0039,Functional,Must,Verified,M0,0,EPIC-005,dsl,Workflow author,"The system shall expose flow, execution, task-run, trigger, input, output, variable, label, namespace, secret and key-value contexts.","Parser, schema, rendering and compatibility tests",Kestra v1.3.30 public behavior and architecture parity baseline
URS-F-0040,Functional,Must,Verified,M0,0,EPIC-005,dsl,Workflow author,The system shall distinguish compile-time validation from runtime rendering failures.,"Parser, schema, rendering and compatibility tests",Kestra v1.3.30 public behavior and architecture parity baseline
URS-F-0041,Functional,Must,Verified,M0,0,EPIC-005,dsl,Workflow author,"The system shall sandbox expression evaluation with bounded time, memory, recursion and output size.","Parser, schema, rendering and compatibility tests",Kestra v1.3.30 public behavior and architecture parity baseline
URS-F-0042,Functional,Must,Verified,M0,0,EPIC-005,dsl,Workflow author,"The system shall redact secret-derived values from previews, errors and logs.","Parser, schema, rendering and compatibility tests",Kestra v1.3.30 public behavior and architecture parity baseline
URS-F-0043,Functional,Must,Verified,M0,0,EPIC-005,dsl,Workflow author,The system shall provide compatibility tests for the selected Kestra Pebble expression subset.,"Parser, schema, rendering and compatibility tests",Kestra v1.3.30 public behavior and architecture parity baseline
URS-F-0044,Functional,Must,Verified,M0,0,EPIC-005,dsl,Workflow author,The system shall allow future expression engines through a stable adapter without changing flow storage.,"Parser, schema, rendering and compatibility tests",Kestra v1.3.30 public behavior and architecture parity baseline
URS-F-0045,Functional,Must,Proposed,M0,0,EPIC-006,domain,Workflow author,The system shall create a new immutable revision for each semantic flow change.,Domain model unit and serialization compatibility tests,Kestra v1.3.30 public behavior and architecture parity baseline
URS-F-0046,Functional,Must,Proposed,M0,0,EPIC-006,domain,Workflow author,The system shall show human-readable and machine-readable diffs between revisions.,Domain model unit and serialization compatibility tests,Kestra v1.3.30 public behavior and architecture parity baseline
URS-F-0047,Functional,Must,Proposed,M0,0,EPIC-006,domain,Workflow author,The system shall pin every execution to the exact flow revision and plugin resolution set used at launch.,Domain model unit and serialization compatibility tests,Kestra v1.3.30 public behavior and architecture parity baseline
URS-F-0048,Functional,Must,Proposed,M0,0,EPIC-006,domain,Workflow author,The system shall restore or clone an earlier revision without rewriting history.,Domain model unit and serialization compatibility tests,Kestra v1.3.30 public behavior and architecture parity baseline
URS-F-0049,Functional,Must,Proposed,M0,0,EPIC-006,domain,Workflow author,"The system shall support draft, active, disabled and archived lifecycle states.",Domain model unit and serialization compatibility tests,Kestra v1.3.30 public behavior and architecture parity baseline
URS-F-0050,Functional,Must,Proposed,M0,0,EPIC-006,domain,Workflow author,"The system shall attach actor, source, commit, environment and deployment metadata to revisions.",Domain model unit and serialization compatibility tests,Kestra v1.3.30 public behavior and architecture parity baseline
URS-F-0051,Functional,Must,Proposed,M0,0,EPIC-006,domain,Workflow author,The system shall prevent incompatible revision deletion while executions or audit records reference it.,Domain model unit and serialization compatibility tests,Kestra v1.3.30 public behavior and architecture parity baseline
URS-F-0052,Functional,Must,Verified,M0,0,EPIC-007,engine,Engine developer,"The system shall represent all commands, decisions and state changes as typed versioned events.","Automated unit, integration, crash-recovery and conformance tests",Kestra v1.3.30 public behavior and architecture parity baseline
URS-F-0053,Functional,Must,Verified,M0,0,EPIC-007,engine,Engine developer,The system shall enforce legal execution and task-run state transitions through a pure deterministic reducer.,"Automated unit, integration, crash-recovery and conformance tests",Kestra v1.3.30 public behavior and architecture parity baseline
URS-F-0054,Functional,Must,Verified,M0,0,EPIC-007,engine,Engine developer,"The system shall retain immutable transition history with actor, reason, correlation and causation identifiers.","Automated unit, integration, crash-recovery and conformance tests",Kestra v1.3.30 public behavior and architecture parity baseline
URS-F-0055,Functional,Must,Verified,M0,0,EPIC-007,engine,Engine developer,The system shall make duplicate commands and events idempotent by stable idempotency keys.,"Automated unit, integration, crash-recovery and conformance tests",Kestra v1.3.30 public behavior and architecture parity baseline
URS-F-0056,Functional,Must,Verified,M0,0,EPIC-007,engine,Engine developer,The system shall support replay from event history to rebuild current execution state.,"Automated unit, integration, crash-recovery and conformance tests",Kestra v1.3.30 public behavior and architecture parity baseline
URS-F-0057,Functional,Must,Verified,M0,0,EPIC-007,engine,Engine developer,The system shall record rejected transitions and invariant violations without corrupting state.,"Automated unit, integration, crash-recovery and conformance tests",Kestra v1.3.30 public behavior and architecture parity baseline
URS-F-0058,Functional,Must,Verified,M0,0,EPIC-007,engine,Engine developer,The system shall version the event schema and provide upcasters for supported historical versions.,"Automated unit, integration, crash-recovery and conformance tests",Kestra v1.3.30 public behavior and architecture parity baseline
URS-F-0059,Functional,Must,Verified,M0,0,EPIC-007,engine,Engine developer,The system shall publish committed events only after the corresponding state transaction succeeds.,"Automated unit, integration, crash-recovery and conformance tests",Kestra v1.3.30 public behavior and architecture parity baseline
URS-F-0060,Functional,Must,Verified,M0,0,EPIC-008,storage,Operator,"The system shall provide repository interfaces for flows, revisions, executions, task runs, triggers, workers, logs, metrics, assets and governance resources.",Repository or storage adapter contract and fault-injection tests,Kestra v1.3.30 public behavior and architecture parity baseline
URS-F-0061,Functional,Must,Verified,M0,0,EPIC-008,storage,Operator,The system shall implement PostgreSQL as the reference transactional backend.,Repository or storage adapter contract and fault-injection tests,Kestra v1.3.30 public behavior and architecture parity baseline
URS-F-0062,Functional,Must,Verified,M0,0,EPIC-008,storage,Operator,"The system shall use explicit transactions and isolation levels for scheduling, claiming, state transitions and outbox publication.",Repository or storage adapter contract and fault-injection tests,Kestra v1.3.30 public behavior and architecture parity baseline
URS-F-0063,Functional,Must,Verified,M0,0,EPIC-008,storage,Operator,The system shall apply ordered forward migrations with preflight checks and rollback guidance.,Repository or storage adapter contract and fault-injection tests,Kestra v1.3.30 public behavior and architecture parity baseline
URS-F-0064,Functional,Must,Verified,M0,0,EPIC-008,storage,Operator,The system shall support online-compatible migrations for rolling upgrades whenever feasible.,Repository or storage adapter contract and fault-injection tests,Kestra v1.3.30 public behavior and architecture parity baseline
URS-F-0065,Functional,Must,Verified,M0,0,EPIC-008,storage,Operator,The system shall protect invariants with database constraints in addition to application validation.,Repository or storage adapter contract and fault-injection tests,Kestra v1.3.30 public behavior and architecture parity baseline
URS-F-0066,Functional,Must,Verified,M0,0,EPIC-008,storage,Operator,"The system shall expose health, pool saturation, slow query and migration status metrics.",Repository or storage adapter contract and fault-injection tests,Kestra v1.3.30 public behavior and architecture parity baseline
URS-F-0067,Functional,Must,Verified,M0,0,EPIC-008,storage,Operator,The system shall provide deterministic seed data and ephemeral test database support.,Repository or storage adapter contract and fault-injection tests,Kestra v1.3.30 public behavior and architecture parity baseline
URS-F-0068,Functional,Must,Verified,M0,0,EPIC-009,messaging,Engine developer,"The system shall define versioned message envelopes with identity, type, tenant, correlation, causation, timestamp and trace context.","Delivery, ordering, duplicate and outage conformance tests",Kestra v1.3.30 public behavior and architecture parity baseline
URS-F-0069,Functional,Must,Verified,M0,0,EPIC-009,messaging,Engine developer,The system shall write outbound messages to a transactional outbox in the same transaction as state changes.,"Delivery, ordering, duplicate and outage conformance tests",Kestra v1.3.30 public behavior and architecture parity baseline
URS-F-0070,Functional,Must,Verified,M0,0,EPIC-009,messaging,Engine developer,The system shall deduplicate inbound messages through a durable inbox before applying side effects.,"Delivery, ordering, duplicate and outage conformance tests",Kestra v1.3.30 public behavior and architecture parity baseline
URS-F-0071,Functional,Must,Verified,M0,0,EPIC-009,messaging,Engine developer,The system shall support ordered processing by execution or trigger partition key.,"Delivery, ordering, duplicate and outage conformance tests",Kestra v1.3.30 public behavior and architecture parity baseline
URS-F-0072,Functional,Must,Verified,M0,0,EPIC-009,messaging,Engine developer,The system shall retry transient publication and consumption failures with bounded backoff and dead-letter handling.,"Delivery, ordering, duplicate and outage conformance tests",Kestra v1.3.30 public behavior and architecture parity baseline
URS-F-0073,Functional,Must,Verified,M0,0,EPIC-009,messaging,Engine developer,"The system shall expose lag, redelivery, poison-message and dead-letter diagnostics.","Delivery, ordering, duplicate and outage conformance tests",Kestra v1.3.30 public behavior and architecture parity baseline
URS-F-0074,Functional,Must,Verified,M0,0,EPIC-009,messaging,Engine developer,"The system shall provide a PostgreSQL-backed durable queue adapter with transactional outbox, inbox, claim, retry and dead-letter semantics.","Delivery, ordering, duplicate and outage conformance tests",Kestra v1.3.30 public behavior and architecture parity baseline
URS-F-0075,Functional,Must,Verified,M0,0,EPIC-009,messaging,Engine developer,The system shall document at-least-once delivery and external side-effect idempotency responsibilities.,"Delivery, ordering, duplicate and outage conformance tests",Kestra v1.3.30 public behavior and architecture parity baseline
URS-F-0076,Functional,Must,Proposed,M0,0,EPIC-010,storage,Workflow author,The system shall address stored objects through opaque tenant-scoped URIs rather than local filesystem paths.,Repository or storage adapter contract and fault-injection tests,Kestra v1.3.30 public behavior and architecture parity baseline
URS-F-0077,Functional,Must,Proposed,M0,0,EPIC-010,storage,Workflow author,The system shall support local development storage and S3-compatible production storage through one interface.,Repository or storage adapter contract and fault-injection tests,Kestra v1.3.30 public behavior and architecture parity baseline
URS-F-0078,Functional,Must,Proposed,M0,0,EPIC-010,storage,Workflow author,The system shall stream uploads and downloads without loading large objects fully into process memory.,Repository or storage adapter contract and fault-injection tests,Kestra v1.3.30 public behavior and architecture parity baseline
URS-F-0079,Functional,Must,Proposed,M0,0,EPIC-010,storage,Workflow author,"The system shall record size, content type, checksum, encryption metadata, creator, retention and lineage.",Repository or storage adapter contract and fault-injection tests,Kestra v1.3.30 public behavior and architecture parity baseline
URS-F-0080,Functional,Must,Proposed,M0,0,EPIC-010,storage,Workflow author,The system shall prevent cross-tenant access and path traversal at every storage boundary.,Repository or storage adapter contract and fault-injection tests,Kestra v1.3.30 public behavior and architecture parity baseline
URS-F-0081,Functional,Must,Proposed,M0,0,EPIC-010,storage,Workflow author,"The system shall support multipart upload, ranged download and resumable transfer where the backend permits.",Repository or storage adapter contract and fault-injection tests,Kestra v1.3.30 public behavior and architecture parity baseline
URS-F-0082,Functional,Must,Proposed,M0,0,EPIC-010,storage,Workflow author,The system shall garbage-collect unreferenced objects only after a configurable safety window.,Repository or storage adapter contract and fault-injection tests,Kestra v1.3.30 public behavior and architecture parity baseline
URS-F-0083,Functional,Must,Proposed,M0,0,EPIC-010,storage,Workflow author,The system shall verify object integrity on write and optionally on read.,Repository or storage adapter contract and fault-injection tests,Kestra v1.3.30 public behavior and architecture parity baseline
URS-F-0084,Functional,Must,Verified,M1,1,EPIC-100,engine,Workflow author,"The system shall create executions from manual, API, scheduled, event and subflow launches.","Automated unit, integration, crash-recovery and conformance tests",Kestra v1.3.30 public behavior and architecture parity baseline
URS-F-0085,Functional,Must,Verified,M1,1,EPIC-100,engine,Workflow author,The system shall expand runnable tasks only when dependencies and conditions are satisfied.,"Automated unit, integration, crash-recovery and conformance tests",Kestra v1.3.30 public behavior and architecture parity baseline
URS-F-0086,Functional,Must,Verified,M1,1,EPIC-100,engine,Workflow author,The system shall apply task-run results to the workflow state through the deterministic reducer.,"Automated unit, integration, crash-recovery and conformance tests",Kestra v1.3.30 public behavior and architecture parity baseline
URS-F-0087,Functional,Must,Verified,M1,1,EPIC-100,engine,Workflow author,"The system shall coordinate sequential, parallel and dependency-driven branches without race-dependent outcomes.","Automated unit, integration, crash-recovery and conformance tests",Kestra v1.3.30 public behavior and architecture parity baseline
URS-F-0088,Functional,Must,Verified,M1,1,EPIC-100,engine,Workflow author,"The system shall emit dispatch commands, downstream trigger events and terminal execution events transactionally.","Automated unit, integration, crash-recovery and conformance tests",Kestra v1.3.30 public behavior and architecture parity baseline
URS-F-0089,Functional,Must,Verified,M1,1,EPIC-100,engine,Workflow author,The system shall resume orchestration after executor restart without losing or duplicating logical progress.,"Automated unit, integration, crash-recovery and conformance tests",Kestra v1.3.30 public behavior and architecture parity baseline
URS-F-0090,Functional,Must,Verified,M1,1,EPIC-100,engine,Workflow author,The system shall detect deadlocked or unsatisfiable execution graphs and terminate them with actionable diagnostics.,"Automated unit, integration, crash-recovery and conformance tests",Kestra v1.3.30 public behavior and architecture parity baseline
URS-F-0091,Functional,Must,Verified,M1,1,EPIC-100,engine,Workflow author,"The system shall support horizontally scaled executor instances through partitioning, leases or optimistic coordination.","Automated unit, integration, crash-recovery and conformance tests",Kestra v1.3.30 public behavior and architecture parity baseline
URS-F-0092,Functional,Must,Verified,M1,1,EPIC-101,engine,Operator,"The system shall register workers with stable identity, version, capabilities, labels, runner types and capacity.","Automated unit, integration, crash-recovery and conformance tests",Kestra v1.3.30 public behavior and architecture parity baseline
URS-F-0093,Functional,Must,Verified,M1,1,EPIC-101,engine,Operator,The system shall lease task runs atomically to one eligible worker using expiring ownership and fencing tokens.,"Automated unit, integration, crash-recovery and conformance tests",Kestra v1.3.30 public behavior and architecture parity baseline
URS-F-0094,Functional,Must,Verified,M1,1,EPIC-101,engine,Operator,"The system shall renew leases through heartbeats that include progress, resource use and cancellation acknowledgement.","Automated unit, integration, crash-recovery and conformance tests",Kestra v1.3.30 public behavior and architecture parity baseline
URS-F-0095,Functional,Must,Verified,M1,1,EPIC-101,engine,Operator,The system shall reject stale completion or mutation attempts from a worker holding an obsolete fencing token.,"Automated unit, integration, crash-recovery and conformance tests",Kestra v1.3.30 public behavior and architecture parity baseline
URS-F-0096,Functional,Must,Verified,M1,1,EPIC-101,engine,Operator,The system shall requeue or fail task runs according to policy when a worker or lease disappears.,"Automated unit, integration, crash-recovery and conformance tests",Kestra v1.3.30 public behavior and architecture parity baseline
URS-F-0097,Functional,Must,Verified,M1,1,EPIC-101,engine,Operator,The system shall drain workers without assigning new work while allowing in-flight work to finish.,"Automated unit, integration, crash-recovery and conformance tests",Kestra v1.3.30 public behavior and architecture parity baseline
URS-F-0098,Functional,Must,Verified,M1,1,EPIC-101,engine,Operator,"The system shall expose worker inventory, liveness, utilization, claimed work and compatibility status.","Automated unit, integration, crash-recovery and conformance tests",Kestra v1.3.30 public behavior and architecture parity baseline
URS-F-0099,Functional,Must,Verified,M1,1,EPIC-101,engine,Operator,The system shall support pull-based and PostgreSQL-notification-assisted dispatch through one versioned worker protocol.,"Automated unit, integration, crash-recovery and conformance tests",Kestra v1.3.30 public behavior and architecture parity baseline
URS-F-0100,Functional,Must,Verified,M1,1,EPIC-102,engine,Workflow author,The system shall evaluate cron and interval schedules in explicit IANA time zones.,"Automated unit, integration, crash-recovery and conformance tests",Kestra v1.3.30 public behavior and architecture parity baseline
URS-F-0101,Functional,Must,Verified,M1,1,EPIC-102,engine,Workflow author,"The system shall define deterministic behavior for daylight-saving gaps, overlaps and historical timezone changes.","Automated unit, integration, crash-recovery and conformance tests",Kestra v1.3.30 public behavior and architecture parity baseline
URS-F-0102,Functional,Must,Verified,M1,1,EPIC-102,engine,Workflow author,The system shall persist next-fire state and acquire scheduler leases using fencing to prevent competing owners.,"Automated unit, integration, crash-recovery and conformance tests",Kestra v1.3.30 public behavior and architecture parity baseline
URS-F-0103,Functional,Must,Verified,M1,1,EPIC-102,engine,Workflow author,"The system shall recover missed schedules according to catch-up, skip, coalesce or backfill policy.","Automated unit, integration, crash-recovery and conformance tests",Kestra v1.3.30 public behavior and architecture parity baseline
URS-F-0104,Functional,Must,Verified,M1,1,EPIC-102,engine,Workflow author,"The system shall apply start, end, disabled, paused and condition constraints before launch.","Automated unit, integration, crash-recovery and conformance tests",Kestra v1.3.30 public behavior and architecture parity baseline
URS-F-0105,Functional,Must,Verified,M1,1,EPIC-102,engine,Workflow author,The system shall deduplicate schedule launches with a stable trigger occurrence identity.,"Automated unit, integration, crash-recovery and conformance tests",Kestra v1.3.30 public behavior and architecture parity baseline
URS-F-0106,Functional,Must,Verified,M1,1,EPIC-102,engine,Workflow author,The system shall preview future occurrences and explain why a schedule did or did not fire.,"Automated unit, integration, crash-recovery and conformance tests",Kestra v1.3.30 public behavior and architecture parity baseline
URS-F-0107,Functional,Must,Verified,M1,1,EPIC-102,engine,Workflow author,The system shall operate safely with multiple scheduler replicas and PostgreSQL failover or connection interruption.,"Automated unit, integration, crash-recovery and conformance tests",Kestra v1.3.30 public behavior and architecture parity baseline
URS-F-0108,Functional,Must,Proposed,M1,1,EPIC-103,engine,Workflow author,"The system shall define trigger identities, revisions, state, conditions, inputs and occurrence metadata.","Automated unit, integration, crash-recovery and conformance tests",Kestra v1.3.30 public behavior and architecture parity baseline
URS-F-0109,Functional,Must,Proposed,M1,1,EPIC-103,engine,Workflow author,The system shall activate and deactivate trigger instances when flow revisions change.,"Automated unit, integration, crash-recovery and conformance tests",Kestra v1.3.30 public behavior and architecture parity baseline
URS-F-0110,Functional,Must,Proposed,M1,1,EPIC-103,engine,Workflow author,The system shall persist trigger checkpoints and cursors before acknowledging external events where possible.,"Automated unit, integration, crash-recovery and conformance tests",Kestra v1.3.30 public behavior and architecture parity baseline
URS-F-0111,Functional,Must,Proposed,M1,1,EPIC-103,engine,Workflow author,The system shall deduplicate repeated source events using connector-provided or derived occurrence keys.,"Automated unit, integration, crash-recovery and conformance tests",Kestra v1.3.30 public behavior and architecture parity baseline
URS-F-0112,Functional,Must,Proposed,M1,1,EPIC-103,engine,Workflow author,"The system shall support trigger backpressure, pause, retry, dead-letter and manual replay.","Automated unit, integration, crash-recovery and conformance tests",Kestra v1.3.30 public behavior and architecture parity baseline
URS-F-0113,Functional,Must,Proposed,M1,1,EPIC-103,engine,Workflow author,"The system shall expose trigger health, last evaluation, next evaluation, lag and recent occurrences.","Automated unit, integration, crash-recovery and conformance tests",Kestra v1.3.30 public behavior and architecture parity baseline
URS-F-0114,Functional,Must,Proposed,M1,1,EPIC-103,engine,Workflow author,The system shall route flow-completion events to dependent flows without relying on polling.,"Automated unit, integration, crash-recovery and conformance tests",Kestra v1.3.30 public behavior and architecture parity baseline
URS-F-0115,Functional,Must,Proposed,M1,1,EPIC-103,engine,Workflow author,The system shall allow plugins to implement polling and realtime trigger adapters through stable interfaces.,"Automated unit, integration, crash-recovery and conformance tests",Kestra v1.3.30 public behavior and architecture parity baseline
URS-F-0116,Functional,Must,Verified,M1,1,EPIC-104,engine,Operator,"The system shall apply configurable retry attempts, delays, exponential backoff, maximum interval and jitter.","Automated unit, integration, crash-recovery and conformance tests",Kestra v1.3.30 public behavior and architecture parity baseline
URS-F-0117,Functional,Must,Verified,M1,1,EPIC-104,engine,Operator,"The system shall classify errors as retryable, non-retryable, cancelled, timed out or infrastructure failures.","Automated unit, integration, crash-recovery and conformance tests",Kestra v1.3.30 public behavior and architecture parity baseline
URS-F-0118,Functional,Must,Verified,M1,1,EPIC-104,engine,Operator,The system shall enforce task and execution timeouts using monotonic deadlines where possible.,"Automated unit, integration, crash-recovery and conformance tests",Kestra v1.3.30 public behavior and architecture parity baseline
URS-F-0119,Functional,Must,Verified,M1,1,EPIC-104,engine,Operator,The system shall pause and resume workflows without losing completed work or admitting new runnable tasks.,"Automated unit, integration, crash-recovery and conformance tests",Kestra v1.3.30 public behavior and architecture parity baseline
URS-F-0120,Functional,Must,Verified,M1,1,EPIC-104,engine,Operator,The system shall request graceful cancellation before escalating to force termination after a deadline.,"Automated unit, integration, crash-recovery and conformance tests",Kestra v1.3.30 public behavior and architecture parity baseline
URS-F-0121,Functional,Must,Verified,M1,1,EPIC-104,engine,Operator,"The system shall restart an execution, task run or subflow from supported checkpoints with explicit state reset rules.","Automated unit, integration, crash-recovery and conformance tests",Kestra v1.3.30 public behavior and architecture parity baseline
URS-F-0122,Functional,Must,Verified,M1,1,EPIC-104,engine,Operator,"The system shall invalidate stale worker results after cancellation, retry or restart through fencing.","Automated unit, integration, crash-recovery and conformance tests",Kestra v1.3.30 public behavior and architecture parity baseline
URS-F-0123,Functional,Must,Verified,M1,1,EPIC-104,engine,Operator,The system shall surface a complete intervention history and predicted consequences before destructive actions.,"Automated unit, integration, crash-recovery and conformance tests",Kestra v1.3.30 public behavior and architecture parity baseline
URS-F-0124,Functional,Must,Proposed,M1,1,EPIC-105,engine,Platform operator,"The system shall enforce execution and task concurrency limits at global, tenant, namespace, flow, worker-group and key scopes.","Automated unit, integration, crash-recovery and conformance tests",Kestra v1.3.30 public behavior and architecture parity baseline
URS-F-0125,Functional,Must,Proposed,M1,1,EPIC-105,engine,Platform operator,"The system shall support queue, cancel, fail, replace and skip behaviors when a limit is reached.","Automated unit, integration, crash-recovery and conformance tests",Kestra v1.3.30 public behavior and architecture parity baseline
URS-F-0126,Functional,Must,Proposed,M1,1,EPIC-105,engine,Platform operator,The system shall evaluate dynamic concurrency keys from safe expressions.,"Automated unit, integration, crash-recovery and conformance tests",Kestra v1.3.30 public behavior and architecture parity baseline
URS-F-0127,Functional,Must,Proposed,M1,1,EPIC-105,engine,Platform operator,The system shall reserve scarce resources atomically before dispatch and release them idempotently.,"Automated unit, integration, crash-recovery and conformance tests",Kestra v1.3.30 public behavior and architecture parity baseline
URS-F-0128,Functional,Must,Proposed,M1,1,EPIC-105,engine,Platform operator,The system shall prioritize admitted work without starving lower-priority tenants or queues.,"Automated unit, integration, crash-recovery and conformance tests",Kestra v1.3.30 public behavior and architecture parity baseline
URS-F-0129,Functional,Must,Proposed,M1,1,EPIC-105,engine,Platform operator,"The system shall apply per-tenant quotas for active executions, queued work, storage, logs and API usage.","Automated unit, integration, crash-recovery and conformance tests",Kestra v1.3.30 public behavior and architecture parity baseline
URS-F-0130,Functional,Must,Proposed,M1,1,EPIC-105,engine,Platform operator,"The system shall explain admission decisions and expose queued position, age and limiting policy.","Automated unit, integration, crash-recovery and conformance tests",Kestra v1.3.30 public behavior and architecture parity baseline
URS-F-0131,Functional,Must,Proposed,M1,1,EPIC-105,engine,Platform operator,The system shall recover leaked reservations after crashes through lease expiry and reconciliation.,"Automated unit, integration, crash-recovery and conformance tests",Kestra v1.3.30 public behavior and architecture parity baseline
URS-F-0132,Functional,Must,Proposed,M1,1,EPIC-106,engine,Workflow author,"The system shall create backfills over explicit time ranges, partitions or selected trigger occurrences.","Automated unit, integration, crash-recovery and conformance tests",Kestra v1.3.30 public behavior and architecture parity baseline
URS-F-0133,Functional,Must,Proposed,M1,1,EPIC-106,engine,Workflow author,The system shall preview the number of executions and estimated impact before submitting a backfill.,"Automated unit, integration, crash-recovery and conformance tests",Kestra v1.3.30 public behavior and architecture parity baseline
URS-F-0134,Functional,Must,Proposed,M1,1,EPIC-106,engine,Workflow author,"The system shall apply concurrency, rate, priority, labels, inputs and revision pinning to a backfill.","Automated unit, integration, crash-recovery and conformance tests",Kestra v1.3.30 public behavior and architecture parity baseline
URS-F-0135,Functional,Must,Proposed,M1,1,EPIC-106,engine,Workflow author,"The system shall pause, resume, cancel and monitor a backfill as a first-class resource.","Automated unit, integration, crash-recovery and conformance tests",Kestra v1.3.30 public behavior and architecture parity baseline
URS-F-0136,Functional,Must,Proposed,M1,1,EPIC-106,engine,Workflow author,The system shall replay one or more prior executions while preserving source lineage.,"Automated unit, integration, crash-recovery and conformance tests",Kestra v1.3.30 public behavior and architecture parity baseline
URS-F-0137,Functional,Must,Proposed,M1,1,EPIC-106,engine,Workflow author,The system shall prevent accidental duplicate external effects through dry-run and idempotency guidance.,"Automated unit, integration, crash-recovery and conformance tests",Kestra v1.3.30 public behavior and architecture parity baseline
URS-F-0138,Functional,Must,Proposed,M1,1,EPIC-106,engine,Workflow author,"The system shall track generated executions and aggregate success, failure, duration and cost.","Automated unit, integration, crash-recovery and conformance tests",Kestra v1.3.30 public behavior and architecture parity baseline
URS-F-0139,Functional,Must,Proposed,M1,1,EPIC-106,engine,Workflow author,The system shall resume incomplete backfills after service restart without regenerating completed occurrences.,"Automated unit, integration, crash-recovery and conformance tests",Kestra v1.3.30 public behavior and architecture parity baseline
URS-F-0140,Functional,Must,Proposed,M1,1,EPIC-107,engine,Workflow author,"The system shall invoke another flow by tenant, namespace, identifier and selected or current revision.","Automated unit, integration, crash-recovery and conformance tests",Kestra v1.3.30 public behavior and architecture parity baseline
URS-F-0141,Functional,Must,Proposed,M1,1,EPIC-107,engine,Workflow author,"The system shall pass typed inputs, labels, correlation and trace context from parent to child.","Automated unit, integration, crash-recovery and conformance tests",Kestra v1.3.30 public behavior and architecture parity baseline
URS-F-0142,Functional,Must,Proposed,M1,1,EPIC-107,engine,Workflow author,"The system shall choose synchronous wait, asynchronous launch or detached invocation semantics.","Automated unit, integration, crash-recovery and conformance tests",Kestra v1.3.30 public behavior and architecture parity baseline
URS-F-0143,Functional,Must,Proposed,M1,1,EPIC-107,engine,Workflow author,"The system shall propagate success, failure, cancellation, pause and restart according to explicit policy.","Automated unit, integration, crash-recovery and conformance tests",Kestra v1.3.30 public behavior and architecture parity baseline
URS-F-0144,Functional,Must,Proposed,M1,1,EPIC-107,engine,Workflow author,The system shall map child outputs and artifacts back to the parent with schema validation.,"Automated unit, integration, crash-recovery and conformance tests",Kestra v1.3.30 public behavior and architecture parity baseline
URS-F-0145,Functional,Must,Proposed,M1,1,EPIC-107,engine,Workflow author,The system shall prevent recursive invocation beyond configured depth and detect dependency cycles.,"Automated unit, integration, crash-recovery and conformance tests",Kestra v1.3.30 public behavior and architecture parity baseline
URS-F-0146,Functional,Must,Proposed,M1,1,EPIC-107,engine,Workflow author,"The system shall support privileged system flows for notifications, governance and operational automation.","Automated unit, integration, crash-recovery and conformance tests",Kestra v1.3.30 public behavior and architecture parity baseline
URS-F-0147,Functional,Must,Proposed,M1,1,EPIC-107,engine,Workflow author,The system shall authorize parent and child resources independently and record cross-namespace access.,"Automated unit, integration, crash-recovery and conformance tests",Kestra v1.3.30 public behavior and architecture parity baseline
URS-F-0148,Functional,Must,Proposed,M1,1,EPIC-108,reliability,Operator,"The system shall scan for expired leases, orphan task runs, stuck executions, missing dispatches and unprojected events.","Fault-injection, replay and invariant tests",Kestra v1.3.30 public behavior and architecture parity baseline
URS-F-0149,Functional,Must,Proposed,M1,1,EPIC-108,reliability,Operator,The system shall rebuild disposable projections from authoritative state and event records.,"Fault-injection, replay and invariant tests",Kestra v1.3.30 public behavior and architecture parity baseline
URS-F-0150,Functional,Must,Proposed,M1,1,EPIC-108,reliability,Operator,"The system shall apply only idempotent, version-checked repairs and record every repair as an auditable event.","Fault-injection, replay and invariant tests",Kestra v1.3.30 public behavior and architecture parity baseline
URS-F-0151,Functional,Must,Proposed,M1,1,EPIC-108,reliability,Operator,The system shall quarantine ambiguous cases for operator review instead of guessing.,"Fault-injection, replay and invariant tests",Kestra v1.3.30 public behavior and architecture parity baseline
URS-F-0152,Functional,Must,Proposed,M1,1,EPIC-108,reliability,Operator,"The system shall provide targeted reconciliation by execution, trigger, worker, tenant or time range.","Fault-injection, replay and invariant tests",Kestra v1.3.30 public behavior and architecture parity baseline
URS-F-0153,Functional,Must,Proposed,M1,1,EPIC-108,reliability,Operator,The system shall rate-limit repair work so recovery cannot overwhelm the primary workload.,"Fault-injection, replay and invariant tests",Kestra v1.3.30 public behavior and architecture parity baseline
URS-F-0154,Functional,Must,Proposed,M1,1,EPIC-108,reliability,Operator,"The system shall publish repair metrics, unresolved invariant counts and runbook links.","Fault-injection, replay and invariant tests",Kestra v1.3.30 public behavior and architecture parity baseline
URS-F-0155,Functional,Must,Proposed,M1,1,EPIC-108,reliability,Operator,The system shall prove recovery scenarios through fault-injection and crash-consistency tests.,"Fault-injection, replay and invariant tests",Kestra v1.3.30 public behavior and architecture parity baseline
URS-F-0156,Functional,Must,Proposed,M1,1,EPIC-109,engine,Workflow author,"The system shall derive cache keys from declared inputs, code or plugin version, flow revision and selected contextual values.","Automated unit, integration, crash-recovery and conformance tests",Kestra v1.3.30 public behavior and architecture parity baseline
URS-F-0157,Functional,Must,Proposed,M1,1,EPIC-109,engine,Workflow author,"The system shall support explicit cache time-to-live, namespace, scope and invalidation policy.","Automated unit, integration, crash-recovery and conformance tests",Kestra v1.3.30 public behavior and architecture parity baseline
URS-F-0158,Functional,Must,Proposed,M1,1,EPIC-109,engine,Workflow author,"The system shall store outputs, metrics and artifact references with the cached result.","Automated unit, integration, crash-recovery and conformance tests",Kestra v1.3.30 public behavior and architecture parity baseline
URS-F-0159,Functional,Must,Proposed,M1,1,EPIC-109,engine,Workflow author,The system shall prevent reuse across tenants or security contexts unless explicitly permitted.,"Automated unit, integration, crash-recovery and conformance tests",Kestra v1.3.30 public behavior and architecture parity baseline
URS-F-0160,Functional,Must,Proposed,M1,1,EPIC-109,engine,Workflow author,"The system shall explain cache hit, miss, bypass and invalidation reasons in execution details.","Automated unit, integration, crash-recovery and conformance tests",Kestra v1.3.30 public behavior and architecture parity baseline
URS-F-0161,Functional,Must,Proposed,M1,1,EPIC-109,engine,Workflow author,"The system shall allow users to disable, refresh or purge caches by key prefix and resource scope.","Automated unit, integration, crash-recovery and conformance tests",Kestra v1.3.30 public behavior and architecture parity baseline
URS-F-0162,Functional,Must,Proposed,M1,1,EPIC-109,engine,Workflow author,The system shall handle concurrent cache population with single-flight or safe duplicate computation.,"Automated unit, integration, crash-recovery and conformance tests",Kestra v1.3.30 public behavior and architecture parity baseline
URS-F-0163,Functional,Must,Proposed,M1,1,EPIC-109,engine,Workflow author,The system shall include cache provenance in lineage and audit records.,"Automated unit, integration, crash-recovery and conformance tests",Kestra v1.3.30 public behavior and architecture parity baseline
URS-F-0164,Functional,Must,Proposed,M1,1,EPIC-110,engine,Platform operator,"The system shall define duration, start-delay, freshness, completion-window, output and custom expression checks.","Automated unit, integration, crash-recovery and conformance tests",Kestra v1.3.30 public behavior and architecture parity baseline
URS-F-0165,Functional,Must,Proposed,M1,1,EPIC-110,engine,Platform operator,The system shall evaluate checks at deterministic lifecycle points and on periodic deadlines.,"Automated unit, integration, crash-recovery and conformance tests",Kestra v1.3.30 public behavior and architecture parity baseline
URS-F-0166,Functional,Must,Proposed,M1,1,EPIC-110,engine,Platform operator,"The system shall record pass, warn, fail and error outcomes separately from task execution state.","Automated unit, integration, crash-recovery and conformance tests",Kestra v1.3.30 public behavior and architecture parity baseline
URS-F-0167,Functional,Must,Proposed,M1,1,EPIC-110,engine,Platform operator,"The system shall trigger notifications, system flows or policy actions from check and SLA outcomes.","Automated unit, integration, crash-recovery and conformance tests",Kestra v1.3.30 public behavior and architecture parity baseline
URS-F-0168,Functional,Must,Proposed,M1,1,EPIC-110,engine,Platform operator,"The system shall aggregate compliance by tenant, namespace, flow, label and time period.","Automated unit, integration, crash-recovery and conformance tests",Kestra v1.3.30 public behavior and architecture parity baseline
URS-F-0169,Functional,Must,Proposed,M1,1,EPIC-110,engine,Platform operator,The system shall allow check definitions to be reused through namespace policy or plugin defaults.,"Automated unit, integration, crash-recovery and conformance tests",Kestra v1.3.30 public behavior and architecture parity baseline
URS-F-0170,Functional,Must,Proposed,M1,1,EPIC-110,engine,Platform operator,The system shall prevent policy loops and bound the work caused by violation handlers.,"Automated unit, integration, crash-recovery and conformance tests",Kestra v1.3.30 public behavior and architecture parity baseline
URS-F-0171,Functional,Must,Proposed,M1,1,EPIC-110,engine,Platform operator,The system shall expose evidence used for each evaluation.,"Automated unit, integration, crash-recovery and conformance tests",Kestra v1.3.30 public behavior and architecture parity baseline
URS-F-0172,Functional,Must,Proposed,M1,1,EPIC-111,observability,Workflow author,"The system shall ingest structured and unstructured logs with execution, task-run, worker, tenant and trace context.",Telemetry contract and outage tests,Kestra v1.3.30 public behavior and architecture parity baseline
URS-F-0173,Functional,Must,Proposed,M1,1,EPIC-111,observability,Workflow author,"The system shall preserve event time, ingest time, severity, logger, attempt and source stream.",Telemetry contract and outage tests,Kestra v1.3.30 public behavior and architecture parity baseline
URS-F-0174,Functional,Must,Proposed,M1,1,EPIC-111,observability,Workflow author,"The system shall accept typed counters, gauges, timers and custom metrics from tasks and plugins.",Telemetry contract and outage tests,Kestra v1.3.30 public behavior and architecture parity baseline
URS-F-0175,Functional,Must,Proposed,M1,1,EPIC-111,observability,Workflow author,The system shall persist task and flow outputs separately from logs with size and sensitivity controls.,Telemetry contract and outage tests,Kestra v1.3.30 public behavior and architecture parity baseline
URS-F-0176,Functional,Must,Proposed,M1,1,EPIC-111,observability,Workflow author,The system shall link artifact metadata to internal storage without embedding large payloads in metadata records.,Telemetry contract and outage tests,Kestra v1.3.30 public behavior and architecture parity baseline
URS-F-0177,Functional,Must,Proposed,M1,1,EPIC-111,observability,Workflow author,The system shall stream new logs and state updates to authorized clients with reconnect cursors.,Telemetry contract and outage tests,Kestra v1.3.30 public behavior and architecture parity baseline
URS-F-0178,Functional,Must,Proposed,M1,1,EPIC-111,observability,Workflow author,"The system shall apply redaction, retention, sampling and export policies before external shipment.",Telemetry contract and outage tests,Kestra v1.3.30 public behavior and architecture parity baseline
URS-F-0179,Functional,Must,Proposed,M1,1,EPIC-111,observability,Workflow author,The system shall continue execution when optional telemetry sinks are temporarily unavailable.,Telemetry contract and outage tests,Kestra v1.3.30 public behavior and architecture parity baseline
URS-F-0180,Functional,Must,Proposed,M2,2,EPIC-200,workflow,Plugin developer,The system shall validate task configuration against plugin-provided schemas before an execution starts.,DSL validation plus end-to-end workflow conformance tests,Kestra v1.3.30 public behavior and architecture parity baseline
URS-F-0181,Functional,Must,Proposed,M2,2,EPIC-200,workflow,Plugin developer,The system shall create one task-run identity per logical attempt and preserve attempt history.,DSL validation plus end-to-end workflow conformance tests,Kestra v1.3.30 public behavior and architecture parity baseline
URS-F-0182,Functional,Must,Proposed,M2,2,EPIC-200,workflow,Plugin developer,"The system shall supply a typed execution context, scoped secrets, files, variables and cancellation channel.",DSL validation plus end-to-end workflow conformance tests,Kestra v1.3.30 public behavior and architecture parity baseline
URS-F-0183,Functional,Must,Proposed,M2,2,EPIC-200,workflow,Plugin developer,"The system shall capture structured outputs, metrics, logs, artifacts and exit metadata.",DSL validation plus end-to-end workflow conformance tests,Kestra v1.3.30 public behavior and architecture parity baseline
URS-F-0184,Functional,Must,Proposed,M2,2,EPIC-200,workflow,Plugin developer,"The system shall distinguish user-code failure, configuration failure, infrastructure failure and platform failure.",DSL validation plus end-to-end workflow conformance tests,Kestra v1.3.30 public behavior and architecture parity baseline
URS-F-0185,Functional,Must,Proposed,M2,2,EPIC-200,workflow,Plugin developer,The system shall support synchronous completion and asynchronous deferral with a durable resume token.,DSL validation plus end-to-end workflow conformance tests,Kestra v1.3.30 public behavior and architecture parity baseline
URS-F-0186,Functional,Must,Proposed,M2,2,EPIC-200,workflow,Plugin developer,"The system shall bound task resource use and enforce output, log and artifact limits.",DSL validation plus end-to-end workflow conformance tests,Kestra v1.3.30 public behavior and architecture parity baseline
URS-F-0187,Functional,Must,Proposed,M2,2,EPIC-200,workflow,Plugin developer,The system shall make task completion idempotent and reject stale attempt results.,DSL validation plus end-to-end workflow conformance tests,Kestra v1.3.30 public behavior and architecture parity baseline
URS-F-0188,Functional,Must,Proposed,M2,2,EPIC-201,workflow,Workflow author,The system shall execute child tasks sequentially in declared order.,DSL validation plus end-to-end workflow conformance tests,Kestra v1.3.30 public behavior and architecture parity baseline
URS-F-0189,Functional,Must,Proposed,M2,2,EPIC-201,workflow,Workflow author,The system shall execute independent child tasks in parallel up to declared and platform concurrency limits.,DSL validation plus end-to-end workflow conformance tests,Kestra v1.3.30 public behavior and architecture parity baseline
URS-F-0190,Functional,Must,Proposed,M2,2,EPIC-201,workflow,Workflow author,The system shall execute directed acyclic graphs from explicit dependency edges.,DSL validation plus end-to-end workflow conformance tests,Kestra v1.3.30 public behavior and architecture parity baseline
URS-F-0191,Functional,Must,Proposed,M2,2,EPIC-201,workflow,Workflow author,The system shall validate DAG references and cycles at flow revision creation time.,DSL validation plus end-to-end workflow conformance tests,Kestra v1.3.30 public behavior and architecture parity baseline
URS-F-0192,Functional,Must,Proposed,M2,2,EPIC-201,workflow,Workflow author,"The system shall aggregate child states, outputs and errors using documented deterministic rules.",DSL validation plus end-to-end workflow conformance tests,Kestra v1.3.30 public behavior and architecture parity baseline
URS-F-0193,Functional,Must,Proposed,M2,2,EPIC-201,workflow,Workflow author,"The system shall support fail-fast, continue-on-error and collect-all policies.",DSL validation plus end-to-end workflow conformance tests,Kestra v1.3.30 public behavior and architecture parity baseline
URS-F-0194,Functional,Must,Proposed,M2,2,EPIC-201,workflow,Workflow author,The system shall render child task contexts without leaking sibling-private values.,DSL validation plus end-to-end workflow conformance tests,Kestra v1.3.30 public behavior and architecture parity baseline
URS-F-0195,Functional,Must,Proposed,M2,2,EPIC-201,workflow,Workflow author,The system shall visualize expanded dependency graphs before and during execution.,DSL validation plus end-to-end workflow conformance tests,Kestra v1.3.30 public behavior and architecture parity baseline
URS-F-0196,Functional,Must,Proposed,M2,2,EPIC-202,workflow,Workflow author,"The system shall execute if, else-if and else branches from boolean conditions.",DSL validation plus end-to-end workflow conformance tests,Kestra v1.3.30 public behavior and architecture parity baseline
URS-F-0197,Functional,Must,Proposed,M2,2,EPIC-202,workflow,Workflow author,"The system shall select switch cases by exact value, ordered predicate or default branch.",DSL validation plus end-to-end workflow conformance tests,Kestra v1.3.30 public behavior and architecture parity baseline
URS-F-0198,Functional,Must,Proposed,M2,2,EPIC-202,workflow,Workflow author,"The system shall record rendered condition inputs, redacted evaluation result and selected branch.",DSL validation plus end-to-end workflow conformance tests,Kestra v1.3.30 public behavior and architecture parity baseline
URS-F-0199,Functional,Must,Proposed,M2,2,EPIC-202,workflow,Workflow author,"The system shall treat expression errors according to explicit fail, false or fallback policy.",DSL validation plus end-to-end workflow conformance tests,Kestra v1.3.30 public behavior and architecture parity baseline
URS-F-0200,Functional,Must,Proposed,M2,2,EPIC-202,workflow,Workflow author,The system shall skip non-selected branches without creating misleading runnable attempts.,DSL validation plus end-to-end workflow conformance tests,Kestra v1.3.30 public behavior and architecture parity baseline
URS-F-0201,Functional,Must,Proposed,M2,2,EPIC-202,workflow,Workflow author,"The system shall support conditions on tasks, triggers, retries, errors and outputs.",DSL validation plus end-to-end workflow conformance tests,Kestra v1.3.30 public behavior and architecture parity baseline
URS-F-0202,Functional,Must,Proposed,M2,2,EPIC-202,workflow,Workflow author,The system shall validate unreachable or duplicate cases where static analysis permits.,DSL validation plus end-to-end workflow conformance tests,Kestra v1.3.30 public behavior and architecture parity baseline
URS-F-0203,Functional,Must,Proposed,M2,2,EPIC-203,workflow,Workflow author,"The system shall iterate over arrays, maps, ranges, batches and streamed item manifests.",DSL validation plus end-to-end workflow conformance tests,Kestra v1.3.30 public behavior and architecture parity baseline
URS-F-0204,Functional,Must,Proposed,M2,2,EPIC-203,workflow,Workflow author,"The system shall expose stable iteration index, key, value and parent context to each child run.",DSL validation plus end-to-end workflow conformance tests,Kestra v1.3.30 public behavior and architecture parity baseline
URS-F-0205,Functional,Must,Proposed,M2,2,EPIC-203,workflow,Workflow author,The system shall apply per-loop parallelism and preserve deterministic output ordering.,DSL validation plus end-to-end workflow conformance tests,Kestra v1.3.30 public behavior and architecture parity baseline
URS-F-0206,Functional,Must,Proposed,M2,2,EPIC-203,workflow,Workflow author,The system shall evaluate while and until conditions at documented checkpoints.,DSL validation plus end-to-end workflow conformance tests,Kestra v1.3.30 public behavior and architecture parity baseline
URS-F-0207,Functional,Must,Proposed,M2,2,EPIC-203,workflow,Workflow author,"The system shall enforce maximum iterations, duration and generated task-run limits.",DSL validation plus end-to-end workflow conformance tests,Kestra v1.3.30 public behavior and architecture parity baseline
URS-F-0208,Functional,Must,Proposed,M2,2,EPIC-203,workflow,Workflow author,The system shall resume loops after restart without repeating acknowledged iterations.,DSL validation plus end-to-end workflow conformance tests,Kestra v1.3.30 public behavior and architecture parity baseline
URS-F-0209,Functional,Must,Proposed,M2,2,EPIC-203,workflow,Workflow author,"The system shall support break, continue and failure aggregation policies.",DSL validation plus end-to-end workflow conformance tests,Kestra v1.3.30 public behavior and architecture parity baseline
URS-F-0210,Functional,Must,Proposed,M2,2,EPIC-203,workflow,Workflow author,The system shall store large iteration payloads in object storage rather than execution metadata.,DSL validation plus end-to-end workflow conformance tests,Kestra v1.3.30 public behavior and architecture parity baseline
URS-F-0211,Functional,Must,Proposed,M2,2,EPIC-204,workflow,Workflow author,"The system shall attach error handlers at task-group, flowable and flow scopes.",DSL validation plus end-to-end workflow conformance tests,Kestra v1.3.30 public behavior and architecture parity baseline
URS-F-0212,Functional,Must,Proposed,M2,2,EPIC-204,workflow,Workflow author,"The system shall select handlers by state, error category, task identity or safe expression.",DSL validation plus end-to-end workflow conformance tests,Kestra v1.3.30 public behavior and architecture parity baseline
URS-F-0213,Functional,Must,Proposed,M2,2,EPIC-204,workflow,Workflow author,"The system shall execute finally tasks after success, failure or cancellation under documented rules.",DSL validation plus end-to-end workflow conformance tests,Kestra v1.3.30 public behavior and architecture parity baseline
URS-F-0214,Functional,Must,Proposed,M2,2,EPIC-204,workflow,Workflow author,The system shall execute after-execution tasks after terminal state persistence and expose the terminal context.,DSL validation plus end-to-end workflow conformance tests,Kestra v1.3.30 public behavior and architecture parity baseline
URS-F-0215,Functional,Must,Proposed,M2,2,EPIC-204,workflow,Workflow author,The system shall preserve the primary failure while recording cleanup failures separately.,DSL validation plus end-to-end workflow conformance tests,Kestra v1.3.30 public behavior and architecture parity baseline
URS-F-0216,Functional,Must,Proposed,M2,2,EPIC-204,workflow,Workflow author,The system shall prevent cleanup retries or recursive handlers from creating unbounded loops.,DSL validation plus end-to-end workflow conformance tests,Kestra v1.3.30 public behavior and architecture parity baseline
URS-F-0217,Functional,Must,Proposed,M2,2,EPIC-204,workflow,Workflow author,"The system shall allow handlers to emit notifications, compensation commands and diagnostic artifacts.",DSL validation plus end-to-end workflow conformance tests,Kestra v1.3.30 public behavior and architecture parity baseline
URS-F-0218,Functional,Must,Proposed,M2,2,EPIC-204,workflow,Workflow author,The system shall visualize handler execution and its relationship to the primary task graph.,DSL validation plus end-to-end workflow conformance tests,Kestra v1.3.30 public behavior and architecture parity baseline
URS-F-0219,Functional,Must,Proposed,M2,2,EPIC-205,workflow,Workflow author,"The system shall declare string, number, boolean, datetime, duration, enum, array, object, file and secret input types.",DSL validation plus end-to-end workflow conformance tests,Kestra v1.3.30 public behavior and architecture parity baseline
URS-F-0220,Functional,Must,Proposed,M2,2,EPIC-205,workflow,Workflow author,"The system shall apply required, default, validation, display, prefill and sensitivity metadata.",DSL validation plus end-to-end workflow conformance tests,Kestra v1.3.30 public behavior and architecture parity baseline
URS-F-0221,Functional,Must,Proposed,M2,2,EPIC-205,workflow,Workflow author,"The system shall validate manual, API, trigger and subflow inputs before creating runnable work.",DSL validation plus end-to-end workflow conformance tests,Kestra v1.3.30 public behavior and architecture parity baseline
URS-F-0222,Functional,Must,Proposed,M2,2,EPIC-205,workflow,Workflow author,The system shall declare flow outputs rendered from completed execution context.,DSL validation plus end-to-end workflow conformance tests,Kestra v1.3.30 public behavior and architecture parity baseline
URS-F-0223,Functional,Must,Proposed,M2,2,EPIC-205,workflow,Workflow author,The system shall keep static variables separate from execution inputs and mutable key-value data.,DSL validation plus end-to-end workflow conformance tests,Kestra v1.3.30 public behavior and architecture parity baseline
URS-F-0224,Functional,Must,Proposed,M2,2,EPIC-205,workflow,Workflow author,The system shall enforce payload size limits and move large file values into internal storage.,DSL validation plus end-to-end workflow conformance tests,Kestra v1.3.30 public behavior and architecture parity baseline
URS-F-0225,Functional,Must,Proposed,M2,2,EPIC-205,workflow,Workflow author,The system shall generate UI forms and API schemas from the same input definitions.,DSL validation plus end-to-end workflow conformance tests,Kestra v1.3.30 public behavior and architecture parity baseline
URS-F-0226,Functional,Must,Proposed,M2,2,EPIC-205,workflow,Workflow author,The system shall redact sensitive inputs and outputs according to schema metadata and policy.,DSL validation plus end-to-end workflow conformance tests,Kestra v1.3.30 public behavior and architecture parity baseline
URS-F-0227,Functional,Must,Proposed,M2,2,EPIC-206,workflow,Platform operator,"The system shall attach user and system labels to flows, executions, task runs, assets and backfills.",DSL validation plus end-to-end workflow conformance tests,Kestra v1.3.30 public behavior and architecture parity baseline
URS-F-0228,Functional,Must,Proposed,M2,2,EPIC-206,workflow,Platform operator,The system shall reserve protected system label prefixes and prevent user spoofing.,DSL validation plus end-to-end workflow conformance tests,Kestra v1.3.30 public behavior and architecture parity baseline
URS-F-0229,Functional,Must,Proposed,M2,2,EPIC-206,workflow,Platform operator,The system shall support namespace-scoped plugin defaults with exact type and property matching.,DSL validation plus end-to-end workflow conformance tests,Kestra v1.3.30 public behavior and architecture parity baseline
URS-F-0230,Functional,Must,Proposed,M2,2,EPIC-206,workflow,Platform operator,"The system shall define deterministic inheritance, merge and override precedence.",DSL validation plus end-to-end workflow conformance tests,Kestra v1.3.30 public behavior and architecture parity baseline
URS-F-0231,Functional,Must,Proposed,M2,2,EPIC-206,workflow,Platform operator,The system shall show the effective configuration and origin of every inherited value.,DSL validation plus end-to-end workflow conformance tests,Kestra v1.3.30 public behavior and architecture parity baseline
URS-F-0232,Functional,Must,Proposed,M2,2,EPIC-206,workflow,Platform operator,"The system shall allow policy to require, deny or normalize selected labels and defaults.",DSL validation plus end-to-end workflow conformance tests,Kestra v1.3.30 public behavior and architecture parity baseline
URS-F-0233,Functional,Must,Proposed,M2,2,EPIC-206,workflow,Platform operator,"The system shall index labels for filtering, dashboards, quotas, routing and retention.",DSL validation plus end-to-end workflow conformance tests,Kestra v1.3.30 public behavior and architecture parity baseline
URS-F-0234,Functional,Must,Proposed,M2,2,EPIC-207,workflow,Workflow author,"The system shall upload, list, download, move, version and delete namespace files through API, UI and CLI.",DSL validation plus end-to-end workflow conformance tests,Kestra v1.3.30 public behavior and architecture parity baseline
URS-F-0235,Functional,Must,Proposed,M2,2,EPIC-207,workflow,Workflow author,The system shall resolve inherited namespace files from parent namespaces with explicit precedence.,DSL validation plus end-to-end workflow conformance tests,Kestra v1.3.30 public behavior and architecture parity baseline
URS-F-0236,Functional,Must,Proposed,M2,2,EPIC-207,workflow,Workflow author,"The system shall create typed key-value entries with optional expiry, metadata and atomic compare-and-set.",DSL validation plus end-to-end workflow conformance tests,Kestra v1.3.30 public behavior and architecture parity baseline
URS-F-0237,Functional,Must,Proposed,M2,2,EPIC-207,workflow,Workflow author,The system shall watch or poll key-value changes for supported automation use cases.,DSL validation plus end-to-end workflow conformance tests,Kestra v1.3.30 public behavior and architecture parity baseline
URS-F-0238,Functional,Must,Proposed,M2,2,EPIC-207,workflow,Workflow author,The system shall resolve secrets only at execution time and never persist plaintext in flow revisions.,DSL validation plus end-to-end workflow conformance tests,Kestra v1.3.30 public behavior and architecture parity baseline
URS-F-0239,Functional,Must,Proposed,M2,2,EPIC-207,workflow,Workflow author,"The system shall apply independent read, write, list and use permissions to files, key-values and secrets.",DSL validation plus end-to-end workflow conformance tests,Kestra v1.3.30 public behavior and architecture parity baseline
URS-F-0240,Functional,Must,Proposed,M2,2,EPIC-207,workflow,Workflow author,The system shall record access and mutation audit events without revealing protected values.,DSL validation plus end-to-end workflow conformance tests,Kestra v1.3.30 public behavior and architecture parity baseline
URS-F-0241,Functional,Must,Proposed,M2,2,EPIC-207,workflow,Workflow author,"The system shall support import, export and environment promotion without exporting secret plaintext.",DSL validation plus end-to-end workflow conformance tests,Kestra v1.3.30 public behavior and architecture parity baseline
URS-F-0242,Functional,Must,Proposed,M2,2,EPIC-208,workflow,Workflow author,The system shall create a unique disposable working directory for each task attempt.,DSL validation plus end-to-end workflow conformance tests,Kestra v1.3.30 public behavior and architecture parity baseline
URS-F-0243,Functional,Must,Proposed,M2,2,EPIC-208,workflow,Workflow author,The system shall materialize declared input files from internal storage with checksum verification.,DSL validation plus end-to-end workflow conformance tests,Kestra v1.3.30 public behavior and architecture parity baseline
URS-F-0244,Functional,Must,Proposed,M2,2,EPIC-208,workflow,Workflow author,"The system shall collect declared output files by path, glob or manifest and upload them atomically.",DSL validation plus end-to-end workflow conformance tests,Kestra v1.3.30 public behavior and architecture parity baseline
URS-F-0245,Functional,Must,Proposed,M2,2,EPIC-208,workflow,Workflow author,"The system shall prevent path traversal, symlink escape and cross-task filesystem access.",DSL validation plus end-to-end workflow conformance tests,Kestra v1.3.30 public behavior and architecture parity baseline
URS-F-0246,Functional,Must,Proposed,M2,2,EPIC-208,workflow,Workflow author,The system shall support a shared working-directory flowable with explicit lifetime and concurrency rules.,DSL validation plus end-to-end workflow conformance tests,Kestra v1.3.30 public behavior and architecture parity baseline
URS-F-0247,Functional,Must,Proposed,M2,2,EPIC-208,workflow,Workflow author,The system shall clean local working data after upload while retaining diagnostics on configured failures.,DSL validation plus end-to-end workflow conformance tests,Kestra v1.3.30 public behavior and architecture parity baseline
URS-F-0248,Functional,Must,Proposed,M2,2,EPIC-208,workflow,Workflow author,The system shall stream large files and enforce per-task storage quotas.,DSL validation plus end-to-end workflow conformance tests,Kestra v1.3.30 public behavior and architecture parity baseline
URS-F-0249,Functional,Must,Proposed,M2,2,EPIC-208,workflow,Workflow author,The system shall record file lineage from source artifact through transformations and outputs.,DSL validation plus end-to-end workflow conformance tests,Kestra v1.3.30 public behavior and architecture parity baseline
URS-F-0250,Functional,Must,Proposed,M2,2,EPIC-209,runner,Platform operator,"The system shall define a runner-neutral request containing image or command, files, environment, resources, network and security policy.",Runner contract tests against disposable execution environments,Kestra v1.3.30 public behavior and architecture parity baseline
URS-F-0251,Functional,Must,Proposed,M2,2,EPIC-209,runner,Platform operator,The system shall advertise runner capabilities and reject unsupported requests before dispatch.,Runner contract tests against disposable execution environments,Kestra v1.3.30 public behavior and architecture parity baseline
URS-F-0252,Functional,Must,Proposed,M2,2,EPIC-209,runner,Platform operator,"The system shall return normalized process status, logs, metrics, outputs and infrastructure diagnostics.",Runner contract tests against disposable execution environments,Kestra v1.3.30 public behavior and architecture parity baseline
URS-F-0253,Functional,Must,Proposed,M2,2,EPIC-209,runner,Platform operator,The system shall propagate cancellation and timeout with a documented escalation sequence.,Runner contract tests against disposable execution environments,Kestra v1.3.30 public behavior and architecture parity baseline
URS-F-0254,Functional,Must,Proposed,M2,2,EPIC-209,runner,Platform operator,The system shall support runner-specific configuration through typed extension fields.,Runner contract tests against disposable execution environments,Kestra v1.3.30 public behavior and architecture parity baseline
URS-F-0255,Functional,Must,Proposed,M2,2,EPIC-209,runner,Platform operator,The system shall isolate credentials so a runner receives only the scoped capability required for one attempt.,Runner contract tests against disposable execution environments,Kestra v1.3.30 public behavior and architecture parity baseline
URS-F-0256,Functional,Must,Proposed,M2,2,EPIC-209,runner,Platform operator,The system shall clean up orphan runtime resources through idempotent reconciliation.,Runner contract tests against disposable execution environments,Kestra v1.3.30 public behavior and architecture parity baseline
URS-F-0257,Functional,Must,Proposed,M2,2,EPIC-209,runner,Platform operator,The system shall allow namespace and worker-group policy to select or prohibit runners.,Runner contract tests against disposable execution environments,Kestra v1.3.30 public behavior and architecture parity baseline
URS-F-0258,Functional,Must,Proposed,M2,2,EPIC-220,runner,Developer,The system shall execute argv-based commands without implicit shell parsing unless explicitly requested.,Runner contract tests against disposable execution environments,Kestra v1.3.30 public behavior and architecture parity baseline
URS-F-0259,Functional,Must,Proposed,M2,2,EPIC-220,runner,Developer,"The system shall set working directory, environment, standard input, user and resource limits.",Runner contract tests against disposable execution environments,Kestra v1.3.30 public behavior and architecture parity baseline
URS-F-0260,Functional,Must,Proposed,M2,2,EPIC-220,runner,Developer,The system shall stream stdout and stderr while preserving ordering metadata and severity mapping.,Runner contract tests against disposable execution environments,Kestra v1.3.30 public behavior and architecture parity baseline
URS-F-0261,Functional,Must,Proposed,M2,2,EPIC-220,runner,Developer,The system shall terminate process groups reliably on cancellation or timeout.,Runner contract tests against disposable execution environments,Kestra v1.3.30 public behavior and architecture parity baseline
URS-F-0262,Functional,Must,Proposed,M2,2,EPIC-220,runner,Developer,The system shall support Linux and macOS development with documented Windows constraints.,Runner contract tests against disposable execution environments,Kestra v1.3.30 public behavior and architecture parity baseline
URS-F-0263,Functional,Must,Proposed,M2,2,EPIC-220,runner,Developer,The system shall disable the runner by default in untrusted multi-tenant deployments.,Runner contract tests against disposable execution environments,Kestra v1.3.30 public behavior and architecture parity baseline
URS-F-0264,Functional,Must,Proposed,M2,2,EPIC-220,runner,Developer,"The system shall capture exit code, signal, duration and peak resource use.",Runner contract tests against disposable execution environments,Kestra v1.3.30 public behavior and architecture parity baseline
URS-F-0265,Functional,Must,Proposed,M2,2,EPIC-221,runner,Platform operator,The system shall pull images by immutable digest or resolve tags under explicit policy.,Runner contract tests against disposable execution environments,Kestra v1.3.30 public behavior and architecture parity baseline
URS-F-0266,Functional,Must,Proposed,M2,2,EPIC-221,runner,Platform operator,"The system shall create containers with declared CPU, memory, user, capabilities, filesystem and network restrictions.",Runner contract tests against disposable execution environments,Kestra v1.3.30 public behavior and architecture parity baseline
URS-F-0267,Functional,Must,Proposed,M2,2,EPIC-221,runner,Platform operator,The system shall transfer input and output files without exposing the host control plane filesystem.,Runner contract tests against disposable execution environments,Kestra v1.3.30 public behavior and architecture parity baseline
URS-F-0268,Functional,Must,Proposed,M2,2,EPIC-221,runner,Platform operator,"The system shall stream container logs and collect exit, OOM and runtime diagnostics.",Runner contract tests against disposable execution environments,Kestra v1.3.30 public behavior and architecture parity baseline
URS-F-0269,Functional,Must,Proposed,M2,2,EPIC-221,runner,Platform operator,The system shall support rootless engines and remote OCI runtimes where practical.,Runner contract tests against disposable execution environments,Kestra v1.3.30 public behavior and architecture parity baseline
URS-F-0270,Functional,Must,Proposed,M2,2,EPIC-221,runner,Platform operator,"The system shall enforce image registry allowlists, signature verification and vulnerability policy.",Runner contract tests against disposable execution environments,Kestra v1.3.30 public behavior and architecture parity baseline
URS-F-0271,Functional,Must,Proposed,M2,2,EPIC-221,runner,Platform operator,"The system shall remove containers, volumes and temporary credentials idempotently after completion.",Runner contract tests against disposable execution environments,Kestra v1.3.30 public behavior and architecture parity baseline
URS-F-0272,Functional,Must,Proposed,M2,2,EPIC-221,runner,Platform operator,The system shall avoid mounting the host Docker socket into untrusted task containers.,Runner contract tests against disposable execution environments,Kestra v1.3.30 public behavior and architecture parity baseline
URS-F-0273,Functional,Must,Proposed,M2,2,EPIC-222,runner,Platform operator,The system shall create Jobs or Pods from a typed runner request and configurable templates.,Runner contract tests against disposable execution environments,Kestra v1.3.30 public behavior and architecture parity baseline
URS-F-0274,Functional,Must,Proposed,M2,2,EPIC-222,runner,Platform operator,"The system shall select cluster, namespace, service account, node placement and runtime class through policy.",Runner contract tests against disposable execution environments,Kestra v1.3.30 public behavior and architecture parity baseline
URS-F-0275,Functional,Must,Proposed,M2,2,EPIC-222,runner,Platform operator,"The system shall apply resource requests, limits, security context, network policy and ephemeral storage limits.",Runner contract tests against disposable execution environments,Kestra v1.3.30 public behavior and architecture parity baseline
URS-F-0276,Functional,Must,Proposed,M2,2,EPIC-222,runner,Platform operator,The system shall stream logs and status despite API reconnects or worker restarts.,Runner contract tests against disposable execution environments,Kestra v1.3.30 public behavior and architecture parity baseline
URS-F-0277,Functional,Must,Proposed,M2,2,EPIC-222,runner,Platform operator,The system shall collect outputs through object storage or a controlled sidecar mechanism.,Runner contract tests against disposable execution environments,Kestra v1.3.30 public behavior and architecture parity baseline
URS-F-0278,Functional,Must,Proposed,M2,2,EPIC-222,runner,Platform operator,The system shall propagate cancellation and delete owned resources using finalizers and idempotent cleanup.,Runner contract tests against disposable execution environments,Kestra v1.3.30 public behavior and architecture parity baseline
URS-F-0279,Functional,Must,Proposed,M2,2,EPIC-222,runner,Platform operator,"The system shall distinguish scheduling, image, infrastructure, eviction and user-process failures.",Runner contract tests against disposable execution environments,Kestra v1.3.30 public behavior and architecture parity baseline
URS-F-0280,Functional,Must,Proposed,M2,2,EPIC-222,runner,Platform operator,The system shall support workload identity without long-lived cloud credentials.,Runner contract tests against disposable execution environments,Kestra v1.3.30 public behavior and architecture parity baseline
URS-F-0281,Functional,Should,Proposed,M2,2,EPIC-223,runner,Platform operator,"The system shall define adapter contracts for batch jobs, temporary virtual machines and serverless job services.",Runner contract tests against disposable execution environments,Kestra v1.3.30 public behavior and architecture parity baseline
URS-F-0282,Functional,Should,Proposed,M2,2,EPIC-223,runner,Platform operator,The system shall submit jobs with deterministic external identifiers and idempotency tokens.,Runner contract tests against disposable execution environments,Kestra v1.3.30 public behavior and architecture parity baseline
URS-F-0283,Functional,Should,Proposed,M2,2,EPIC-223,runner,Platform operator,The system shall poll or subscribe to state while tolerating eventual consistency and API throttling.,Runner contract tests against disposable execution environments,Kestra v1.3.30 public behavior and architecture parity baseline
URS-F-0284,Functional,Should,Proposed,M2,2,EPIC-223,runner,Platform operator,The system shall stream or collect logs and outputs through cloud-native storage integrations.,Runner contract tests against disposable execution environments,Kestra v1.3.30 public behavior and architecture parity baseline
URS-F-0285,Functional,Should,Proposed,M2,2,EPIC-223,runner,Platform operator,The system shall cancel and reconcile externally running jobs after control-plane failure.,Runner contract tests against disposable execution environments,Kestra v1.3.30 public behavior and architecture parity baseline
URS-F-0286,Functional,Should,Proposed,M2,2,EPIC-223,runner,Platform operator,The system shall map provider failure states into normalized runner failure categories.,Runner contract tests against disposable execution environments,Kestra v1.3.30 public behavior and architecture parity baseline
URS-F-0287,Functional,Should,Proposed,M2,2,EPIC-223,runner,Platform operator,The system shall estimate and record provider resource usage and cost metadata.,Runner contract tests against disposable execution environments,Kestra v1.3.30 public behavior and architecture parity baseline
URS-F-0288,Functional,Should,Proposed,M2,2,EPIC-223,runner,Platform operator,"The system shall ship reference adapters for at least one AWS, Azure and Google Cloud service before GA.",Runner contract tests against disposable execution environments,Kestra v1.3.30 public behavior and architecture parity baseline
URS-F-0289,Functional,Must,Proposed,M3,3,EPIC-300,plugins,Plugin developer,"The system shall define a versioned plugin manifest with identity, version, vendor, license, entry points, dependencies and compatibility range.","Plugin SDK contract, sandbox and integration tests",Kestra v1.3.30 public behavior and architecture parity baseline
URS-F-0290,Functional,Must,Proposed,M3,3,EPIC-300,plugins,Plugin developer,"The system shall provide typed SDK interfaces for task, trigger, condition, runner, storage, secret, expression and notification extensions.","Plugin SDK contract, sandbox and integration tests",Kestra v1.3.30 public behavior and architecture parity baseline
URS-F-0291,Functional,Must,Proposed,M3,3,EPIC-300,plugins,Plugin developer,"The system shall generate configuration schema, documentation metadata and UI controls from plugin declarations.","Plugin SDK contract, sandbox and integration tests",Kestra v1.3.30 public behavior and architecture parity baseline
URS-F-0292,Functional,Must,Proposed,M3,3,EPIC-300,plugins,Plugin developer,"The system shall provide local test harnesses, fixtures and contract tests for each extension type.","Plugin SDK contract, sandbox and integration tests",Kestra v1.3.30 public behavior and architecture parity baseline
URS-F-0293,Functional,Must,Proposed,M3,3,EPIC-300,plugins,Plugin developer,The system shall separate platform API stability from implementation language and transport.,"Plugin SDK contract, sandbox and integration tests",Kestra v1.3.30 public behavior and architecture parity baseline
URS-F-0294,Functional,Must,Proposed,M3,3,EPIC-300,plugins,Plugin developer,"The system shall allow plugins to declare required capabilities, network access, filesystem access and secret scopes.","Plugin SDK contract, sandbox and integration tests",Kestra v1.3.30 public behavior and architecture parity baseline
URS-F-0295,Functional,Must,Proposed,M3,3,EPIC-300,plugins,Plugin developer,The system shall return structured user-facing configuration and runtime errors.,"Plugin SDK contract, sandbox and integration tests",Kestra v1.3.30 public behavior and architecture parity baseline
URS-F-0296,Functional,Must,Proposed,M3,3,EPIC-300,plugins,Plugin developer,The system shall publish a compatibility policy and deprecation lifecycle for SDK changes.,"Plugin SDK contract, sandbox and integration tests",Kestra v1.3.30 public behavior and architecture parity baseline
URS-F-0297,Functional,Must,Proposed,M3,3,EPIC-301,plugins,Operator,"The system shall discover installed plugins from configured directories, registries and embedded distributions.","Plugin SDK contract, sandbox and integration tests",Kestra v1.3.30 public behavior and architecture parity baseline
URS-F-0298,Functional,Must,Proposed,M3,3,EPIC-301,plugins,Operator,The system shall resolve plugin type references to an exact package version and content digest.,"Plugin SDK contract, sandbox and integration tests",Kestra v1.3.30 public behavior and architecture parity baseline
URS-F-0299,Functional,Must,Proposed,M3,3,EPIC-301,plugins,Operator,"The system shall detect duplicate types, incompatible SDK ranges and dependency conflicts before activation.","Plugin SDK contract, sandbox and integration tests",Kestra v1.3.30 public behavior and architecture parity baseline
URS-F-0300,Functional,Must,Proposed,M3,3,EPIC-301,plugins,Operator,The system shall pin the resolved plugin set into each flow revision and execution.,"Plugin SDK contract, sandbox and integration tests",Kestra v1.3.30 public behavior and architecture parity baseline
URS-F-0301,Functional,Must,Proposed,M3,3,EPIC-301,plugins,Operator,The system shall isolate plugin dependencies from the control plane and from other plugin versions.,"Plugin SDK contract, sandbox and integration tests",Kestra v1.3.30 public behavior and architecture parity baseline
URS-F-0302,Functional,Must,Proposed,M3,3,EPIC-301,plugins,Operator,The system shall refresh plugin catalogs without interrupting executions already pinned to older versions.,"Plugin SDK contract, sandbox and integration tests",Kestra v1.3.30 public behavior and architecture parity baseline
URS-F-0303,Functional,Must,Proposed,M3,3,EPIC-301,plugins,Operator,"The system shall expose installed, active, deprecated, incompatible and quarantined plugin status.","Plugin SDK contract, sandbox and integration tests",Kestra v1.3.30 public behavior and architecture parity baseline
URS-F-0304,Functional,Must,Proposed,M3,3,EPIC-301,plugins,Operator,The system shall support offline installation from verified bundles.,"Plugin SDK contract, sandbox and integration tests",Kestra v1.3.30 public behavior and architecture parity baseline
URS-F-0305,Functional,Must,Proposed,M3,3,EPIC-302,plugins,Operator,The system shall load only administrator-approved in-process plugins.,"Plugin SDK contract, sandbox and integration tests",Kestra v1.3.30 public behavior and architecture parity baseline
URS-F-0306,Functional,Must,Proposed,M3,3,EPIC-302,plugins,Operator,The system shall initialize and stop plugin components through bounded lifecycle hooks.,"Plugin SDK contract, sandbox and integration tests",Kestra v1.3.30 public behavior and architecture parity baseline
URS-F-0307,Functional,Must,Proposed,M3,3,EPIC-302,plugins,Operator,The system shall isolate plugin namespaces or classloaders where the implementation language supports it.,"Plugin SDK contract, sandbox and integration tests",Kestra v1.3.30 public behavior and architecture parity baseline
URS-F-0308,Functional,Must,Proposed,M3,3,EPIC-302,plugins,Operator,The system shall apply timeouts and circuit breakers to plugin callbacks invoked by control-plane services.,"Plugin SDK contract, sandbox and integration tests",Kestra v1.3.30 public behavior and architecture parity baseline
URS-F-0309,Functional,Must,Proposed,M3,3,EPIC-302,plugins,Operator,The system shall prevent one plugin from registering or overriding another plugin's identities.,"Plugin SDK contract, sandbox and integration tests",Kestra v1.3.30 public behavior and architecture parity baseline
URS-F-0310,Functional,Must,Proposed,M3,3,EPIC-302,plugins,Operator,"The system shall report plugin memory, error and latency telemetry.","Plugin SDK contract, sandbox and integration tests",Kestra v1.3.30 public behavior and architecture parity baseline
URS-F-0311,Functional,Must,Proposed,M3,3,EPIC-302,plugins,Operator,The system shall quarantine a plugin version that repeatedly violates runtime invariants.,"Plugin SDK contract, sandbox and integration tests",Kestra v1.3.30 public behavior and architecture parity baseline
URS-F-0312,Functional,Must,Proposed,M3,3,EPIC-302,plugins,Operator,The system shall document that in-process plugins share the host security boundary.,"Plugin SDK contract, sandbox and integration tests",Kestra v1.3.30 public behavior and architecture parity baseline
URS-F-0313,Functional,Must,Proposed,M3,3,EPIC-303,plugins,Plugin developer,"The system shall define an RPC protocol for schema discovery, validation, execution, cancellation, heartbeats, logs, metrics and artifacts.","Plugin SDK contract, sandbox and integration tests",Kestra v1.3.30 public behavior and architecture parity baseline
URS-F-0314,Functional,Must,Proposed,M3,3,EPIC-303,plugins,Plugin developer,"The system shall launch plugin services as managed local processes, containers or remote endpoints.","Plugin SDK contract, sandbox and integration tests",Kestra v1.3.30 public behavior and architecture parity baseline
URS-F-0315,Functional,Must,Proposed,M3,3,EPIC-303,plugins,Plugin developer,The system shall authenticate every plugin session with short-lived workload identity.,"Plugin SDK contract, sandbox and integration tests",Kestra v1.3.30 public behavior and architecture parity baseline
URS-F-0316,Functional,Must,Proposed,M3,3,EPIC-303,plugins,Plugin developer,"The system shall grant per-call capabilities for secrets, files, network destinations and platform APIs.","Plugin SDK contract, sandbox and integration tests",Kestra v1.3.30 public behavior and architecture parity baseline
URS-F-0317,Functional,Must,Proposed,M3,3,EPIC-303,plugins,Plugin developer,"The system shall enforce CPU, memory, wall-time, output and concurrency limits.","Plugin SDK contract, sandbox and integration tests",Kestra v1.3.30 public behavior and architecture parity baseline
URS-F-0318,Functional,Must,Proposed,M3,3,EPIC-303,plugins,Plugin developer,The system shall restart crashed plugin services without losing durable task ownership semantics.,"Plugin SDK contract, sandbox and integration tests",Kestra v1.3.30 public behavior and architecture parity baseline
URS-F-0319,Functional,Must,Proposed,M3,3,EPIC-303,plugins,Plugin developer,"The system shall support SDKs for at least Python, Java, JavaScript or TypeScript and Go before GA.","Plugin SDK contract, sandbox and integration tests",Kestra v1.3.30 public behavior and architecture parity baseline
URS-F-0320,Functional,Must,Proposed,M3,3,EPIC-303,plugins,Plugin developer,The system shall version the wire protocol and negotiate compatible features.,"Plugin SDK contract, sandbox and integration tests",Kestra v1.3.30 public behavior and architecture parity baseline
URS-F-0321,Functional,Must,Proposed,M3,3,EPIC-304,plugins,Plugin developer,The system shall support polling triggers with durable checkpoints and normalized occurrence identities.,"Plugin SDK contract, sandbox and integration tests",Kestra v1.3.30 public behavior and architecture parity baseline
URS-F-0322,Functional,Must,Proposed,M3,3,EPIC-304,plugins,Plugin developer,"The system shall support realtime triggers with connection lifecycle, backpressure and acknowledgement hooks.","Plugin SDK contract, sandbox and integration tests",Kestra v1.3.30 public behavior and architecture parity baseline
URS-F-0323,Functional,Must,Proposed,M3,3,EPIC-304,plugins,Plugin developer,The system shall support conditions that return boolean results and explainable evaluation evidence.,"Plugin SDK contract, sandbox and integration tests",Kestra v1.3.30 public behavior and architecture parity baseline
URS-F-0324,Functional,Must,Proposed,M3,3,EPIC-304,plugins,Plugin developer,The system shall support notification plugins that receive typed lifecycle events and delivery policy.,"Plugin SDK contract, sandbox and integration tests",Kestra v1.3.30 public behavior and architecture parity baseline
URS-F-0325,Functional,Must,Proposed,M3,3,EPIC-304,plugins,Plugin developer,"The system shall apply retry, timeout, cancellation and secret-scope behavior consistently across extension types.","Plugin SDK contract, sandbox and integration tests",Kestra v1.3.30 public behavior and architecture parity baseline
URS-F-0326,Functional,Must,Proposed,M3,3,EPIC-304,plugins,Plugin developer,The system shall validate trigger and condition configuration without opening external connections.,"Plugin SDK contract, sandbox and integration tests",Kestra v1.3.30 public behavior and architecture parity baseline
URS-F-0327,Functional,Must,Proposed,M3,3,EPIC-304,plugins,Plugin developer,The system shall provide emulator and fault-injection fixtures for connector developers.,"Plugin SDK contract, sandbox and integration tests",Kestra v1.3.30 public behavior and architecture parity baseline
URS-F-0328,Functional,Must,Proposed,M3,3,EPIC-305,plugins,Operator,"The system shall publish immutable plugin bundles by name, semantic version and digest.","Plugin SDK contract, sandbox and integration tests",Kestra v1.3.30 public behavior and architecture parity baseline
URS-F-0329,Functional,Must,Proposed,M3,3,EPIC-305,plugins,Operator,"The system shall store license, source, documentation, supported platform range, SDK range and changelog metadata.","Plugin SDK contract, sandbox and integration tests",Kestra v1.3.30 public behavior and architecture parity baseline
URS-F-0330,Functional,Must,Proposed,M3,3,EPIC-305,plugins,Operator,"The system shall attach software bills of materials, vulnerability reports and provenance attestations.","Plugin SDK contract, sandbox and integration tests",Kestra v1.3.30 public behavior and architecture parity baseline
URS-F-0331,Functional,Must,Proposed,M3,3,EPIC-305,plugins,Operator,The system shall sign registry metadata and plugin artifacts and verify signatures before installation.,"Plugin SDK contract, sandbox and integration tests",Kestra v1.3.30 public behavior and architecture parity baseline
URS-F-0332,Functional,Must,Proposed,M3,3,EPIC-305,plugins,Operator,"The system shall support allowlisted registries, mirrors, proxies and offline export or import.","Plugin SDK contract, sandbox and integration tests",Kestra v1.3.30 public behavior and architecture parity baseline
URS-F-0333,Functional,Must,Proposed,M3,3,EPIC-305,plugins,Operator,"The system shall display popularity, maintenance, certification and security status without treating them as trust guarantees.","Plugin SDK contract, sandbox and integration tests",Kestra v1.3.30 public behavior and architecture parity baseline
URS-F-0334,Functional,Must,Proposed,M3,3,EPIC-305,plugins,Operator,The system shall yank compromised versions without deleting historical metadata needed by pinned executions.,"Plugin SDK contract, sandbox and integration tests",Kestra v1.3.30 public behavior and architecture parity baseline
URS-F-0335,Functional,Must,Proposed,M3,3,EPIC-305,plugins,Operator,The system shall provide an OSS registry API and a self-hosted registry implementation.,"Plugin SDK contract, sandbox and integration tests",Kestra v1.3.30 public behavior and architecture parity baseline
URS-F-0336,Functional,Must,Proposed,M3,3,EPIC-306,plugins,Workflow author,"The system shall provide HTTP request and download tasks with authentication, retry, pagination and response limits.","Plugin SDK contract, sandbox and integration tests",Kestra v1.3.30 public behavior and architecture parity baseline
URS-F-0337,Functional,Must,Proposed,M3,3,EPIC-306,plugins,Workflow author,"The system shall provide file compression, archive extraction, checksum, copy, move and delete tasks.","Plugin SDK contract, sandbox and integration tests",Kestra v1.3.30 public behavior and architecture parity baseline
URS-F-0338,Functional,Must,Proposed,M3,3,EPIC-306,plugins,Workflow author,"The system shall provide JSON, YAML, CSV, XML and text parsing or transformation tasks.","Plugin SDK contract, sandbox and integration tests",Kestra v1.3.30 public behavior and architecture parity baseline
URS-F-0339,Functional,Must,Proposed,M3,3,EPIC-306,plugins,Workflow author,"The system shall provide sleep, fail, log, return, debug and assertion tasks.","Plugin SDK contract, sandbox and integration tests",Kestra v1.3.30 public behavior and architecture parity baseline
URS-F-0340,Functional,Must,Proposed,M3,3,EPIC-306,plugins,Workflow author,"The system shall provide webhook, schedule, flow and manual trigger implementations in the core distribution.","Plugin SDK contract, sandbox and integration tests",Kestra v1.3.30 public behavior and architecture parity baseline
URS-F-0341,Functional,Must,Proposed,M3,3,EPIC-306,plugins,Workflow author,The system shall provide notification primitives for email and generic webhooks.,"Plugin SDK contract, sandbox and integration tests",Kestra v1.3.30 public behavior and architecture parity baseline
URS-F-0342,Functional,Must,Proposed,M3,3,EPIC-306,plugins,Workflow author,"The system shall apply SSRF, decompression bomb, path traversal and payload size protections.","Plugin SDK contract, sandbox and integration tests",Kestra v1.3.30 public behavior and architecture parity baseline
URS-F-0343,Functional,Must,Proposed,M3,3,EPIC-306,plugins,Workflow author,The system shall cover all core utilities with deterministic integration fixtures.,"Plugin SDK contract, sandbox and integration tests",Kestra v1.3.30 public behavior and architecture parity baseline
URS-F-0344,Functional,Must,Proposed,M3,3,EPIC-307,plugins,Workflow author,"The system shall support shell, Python, Node.js, Java, R and PowerShell execution through task runners.","Plugin SDK contract, sandbox and integration tests",Kestra v1.3.30 public behavior and architecture parity baseline
URS-F-0345,Functional,Must,Proposed,M3,3,EPIC-307,plugins,Workflow author,"The system shall support inline scripts, namespace files, repository files and packaged source artifacts.","Plugin SDK contract, sandbox and integration tests",Kestra v1.3.30 public behavior and architecture parity baseline
URS-F-0346,Functional,Must,Proposed,M3,3,EPIC-307,plugins,Workflow author,The system shall allow runtime dependency installation only under explicit network and supply-chain policy.,"Plugin SDK contract, sandbox and integration tests",Kestra v1.3.30 public behavior and architecture parity baseline
URS-F-0347,Functional,Must,Proposed,M3,3,EPIC-307,plugins,Workflow author,"The system shall offer documented helpers for outputs, metrics, logs and file manifests.","Plugin SDK contract, sandbox and integration tests",Kestra v1.3.30 public behavior and architecture parity baseline
URS-F-0348,Functional,Must,Proposed,M3,3,EPIC-307,plugins,Workflow author,The system shall select default images by immutable release and permit organization-approved overrides.,"Plugin SDK contract, sandbox and integration tests",Kestra v1.3.30 public behavior and architecture parity baseline
URS-F-0349,Functional,Must,Proposed,M3,3,EPIC-307,plugins,Workflow author,The system shall capture interpreter and package metadata for reproducibility.,"Plugin SDK contract, sandbox and integration tests",Kestra v1.3.30 public behavior and architecture parity baseline
URS-F-0350,Functional,Must,Proposed,M3,3,EPIC-307,plugins,Workflow author,"The system shall prevent interpolation injection by separating script content, arguments and environment values.","Plugin SDK contract, sandbox and integration tests",Kestra v1.3.30 public behavior and architecture parity baseline
URS-F-0351,Functional,Must,Proposed,M3,3,EPIC-307,plugins,Workflow author,The system shall provide sample flows and contract tests for each supported language.,"Plugin SDK contract, sandbox and integration tests",Kestra v1.3.30 public behavior and architecture parity baseline
URS-F-0352,Functional,Must,Proposed,M3,3,EPIC-308,plugins,Data engineer,"The system shall provide JDBC or native SQL task patterns for queries, scripts, batch operations and streaming result export.","Plugin SDK contract, sandbox and integration tests",Kestra v1.3.30 public behavior and architecture parity baseline
URS-F-0353,Functional,Must,Proposed,M3,3,EPIC-308,plugins,Data engineer,"The system shall support PostgreSQL, MySQL-compatible, SQL Server and SQLite reference connectors.","Plugin SDK contract, sandbox and integration tests",Kestra v1.3.30 public behavior and architecture parity baseline
URS-F-0354,Functional,Must,Proposed,M3,3,EPIC-308,plugins,Data engineer,The system shall support at least two major cloud data warehouses before GA.,"Plugin SDK contract, sandbox and integration tests",Kestra v1.3.30 public behavior and architecture parity baseline
URS-F-0355,Functional,Must,Proposed,M3,3,EPIC-308,plugins,Data engineer,"The system shall support S3-compatible, Azure Blob and Google Cloud Storage operations.","Plugin SDK contract, sandbox and integration tests",Kestra v1.3.30 public behavior and architecture parity baseline
URS-F-0356,Functional,Must,Proposed,M3,3,EPIC-308,plugins,Data engineer,"The system shall handle credentials, TLS, proxies, pagination, transactions and large-result streaming consistently.","Plugin SDK contract, sandbox and integration tests",Kestra v1.3.30 public behavior and architecture parity baseline
URS-F-0357,Functional,Must,Proposed,M3,3,EPIC-308,plugins,Data engineer,The system shall emit lineage metadata for read and written datasets when identifiable.,"Plugin SDK contract, sandbox and integration tests",Kestra v1.3.30 public behavior and architecture parity baseline
URS-F-0358,Functional,Must,Proposed,M3,3,EPIC-308,plugins,Data engineer,"The system shall classify transient, constraint, authentication and query failures for retry policy.","Plugin SDK contract, sandbox and integration tests",Kestra v1.3.30 public behavior and architecture parity baseline
URS-F-0359,Functional,Must,Proposed,M3,3,EPIC-308,plugins,Data engineer,The system shall ship containerized integration tests against supported open-source services.,"Plugin SDK contract, sandbox and integration tests",Kestra v1.3.30 public behavior and architecture parity baseline
URS-F-0360,Functional,Must,Proposed,M3,3,EPIC-309,plugins,Platform engineer,"The system shall provide credential-chain and workload-identity support for AWS, Azure and Google Cloud.","Plugin SDK contract, sandbox and integration tests",Kestra v1.3.30 public behavior and architecture parity baseline
URS-F-0361,Functional,Must,Proposed,M3,3,EPIC-309,plugins,Platform engineer,"The system shall provide common compute, storage, serverless, batch and infrastructure automation tasks.","Plugin SDK contract, sandbox and integration tests",Kestra v1.3.30 public behavior and architecture parity baseline
URS-F-0362,Functional,Must,Proposed,M3,3,EPIC-309,plugins,Platform engineer,"The system shall support Terraform, OpenTofu, Ansible, Kubernetes and Git command workflows.","Plugin SDK contract, sandbox and integration tests",Kestra v1.3.30 public behavior and architecture parity baseline
URS-F-0363,Functional,Must,Proposed,M3,3,EPIC-309,plugins,Platform engineer,"The system shall record external resource identifiers, regions, accounts and change summaries.","Plugin SDK contract, sandbox and integration tests",Kestra v1.3.30 public behavior and architecture parity baseline
URS-F-0364,Functional,Must,Proposed,M3,3,EPIC-309,plugins,Platform engineer,"The system shall apply provider rate-limit handling, idempotency tokens and retry classification.","Plugin SDK contract, sandbox and integration tests",Kestra v1.3.30 public behavior and architecture parity baseline
URS-F-0365,Functional,Must,Proposed,M3,3,EPIC-309,plugins,Platform engineer,The system shall support plan or preview modes before mutating infrastructure where the underlying tool permits.,"Plugin SDK contract, sandbox and integration tests",Kestra v1.3.30 public behavior and architecture parity baseline
URS-F-0366,Functional,Must,Proposed,M3,3,EPIC-309,plugins,Platform engineer,The system shall isolate cloud credentials per task attempt and redact them from subprocess environments after use.,"Plugin SDK contract, sandbox and integration tests",Kestra v1.3.30 public behavior and architecture parity baseline
URS-F-0367,Functional,Must,Proposed,M3,3,EPIC-309,plugins,Platform engineer,The system shall maintain tested examples for multi-account and private-network deployments.,"Plugin SDK contract, sandbox and integration tests",Kestra v1.3.30 public behavior and architecture parity baseline
URS-F-0368,Functional,Must,Proposed,M3,3,EPIC-310,plugins,Data engineer,"The system shall support Kafka-compatible, NATS, AMQP and cloud queue or pub-sub systems.","Plugin SDK contract, sandbox and integration tests",Kestra v1.3.30 public behavior and architecture parity baseline
URS-F-0369,Functional,Must,Proposed,M3,3,EPIC-310,plugins,Data engineer,The system shall provide batch and streaming consumption with durable checkpoints and acknowledgement policy.,"Plugin SDK contract, sandbox and integration tests",Kestra v1.3.30 public behavior and architecture parity baseline
URS-F-0370,Functional,Must,Proposed,M3,3,EPIC-310,plugins,Data engineer,"The system shall derive deterministic occurrence identities from topic, partition, offset or source message identity.","Plugin SDK contract, sandbox and integration tests",Kestra v1.3.30 public behavior and architecture parity baseline
URS-F-0371,Functional,Must,Proposed,M3,3,EPIC-310,plugins,Data engineer,"The system shall support schema registry, headers, keys, compression and common serialization formats.","Plugin SDK contract, sandbox and integration tests",Kestra v1.3.30 public behavior and architecture parity baseline
URS-F-0372,Functional,Must,Proposed,M3,3,EPIC-310,plugins,Data engineer,"The system shall control concurrency, prefetch, backpressure, poison-message and dead-letter behavior.","Plugin SDK contract, sandbox and integration tests",Kestra v1.3.30 public behavior and architecture parity baseline
URS-F-0373,Functional,Must,Proposed,M3,3,EPIC-310,plugins,Data engineer,The system shall avoid acknowledging source messages before the platform durably records the trigger occurrence.,"Plugin SDK contract, sandbox and integration tests",Kestra v1.3.30 public behavior and architecture parity baseline
URS-F-0374,Functional,Must,Proposed,M3,3,EPIC-310,plugins,Data engineer,The system shall support transactional or effectively-once patterns when the source and destination permit.,"Plugin SDK contract, sandbox and integration tests",Kestra v1.3.30 public behavior and architecture parity baseline
URS-F-0375,Functional,Must,Proposed,M3,3,EPIC-310,plugins,Data engineer,"The system shall publish lag, throughput, redelivery and checkpoint metrics.","Plugin SDK contract, sandbox and integration tests",Kestra v1.3.30 public behavior and architecture parity baseline
URS-F-0376,Functional,Must,Proposed,M3,3,EPIC-311,plugins,Operator,"The system shall support email, generic webhook, Slack-compatible, Microsoft Teams-compatible and incident-management endpoints.","Plugin SDK contract, sandbox and integration tests",Kestra v1.3.30 public behavior and architecture parity baseline
URS-F-0377,Functional,Must,Proposed,M3,3,EPIC-311,plugins,Operator,The system shall render templated messages with redacted execution context and links.,"Plugin SDK contract, sandbox and integration tests",Kestra v1.3.30 public behavior and architecture parity baseline
URS-F-0378,Functional,Must,Proposed,M3,3,EPIC-311,plugins,Operator,"The system shall support thread, update, resolve and deduplication semantics where the destination permits.","Plugin SDK contract, sandbox and integration tests",Kestra v1.3.30 public behavior and architecture parity baseline
URS-F-0379,Functional,Must,Proposed,M3,3,EPIC-311,plugins,Operator,"The system shall apply per-destination rate limits, retries, circuit breakers and dead-letter storage.","Plugin SDK contract, sandbox and integration tests",Kestra v1.3.30 public behavior and architecture parity baseline
URS-F-0380,Functional,Must,Proposed,M3,3,EPIC-311,plugins,Operator,The system shall record delivery attempt evidence without storing sensitive message content unnecessarily.,"Plugin SDK contract, sandbox and integration tests",Kestra v1.3.30 public behavior and architecture parity baseline
URS-F-0381,Functional,Must,Proposed,M3,3,EPIC-311,plugins,Operator,The system shall allow namespace policy to restrict destinations and templates.,"Plugin SDK contract, sandbox and integration tests",Kestra v1.3.30 public behavior and architecture parity baseline
URS-F-0382,Functional,Must,Proposed,M3,3,EPIC-311,plugins,Operator,"The system shall provide notification system-flow examples for failure, SLA, approval and recovery events.","Plugin SDK contract, sandbox and integration tests",Kestra v1.3.30 public behavior and architecture parity baseline
URS-F-0383,Functional,Must,Proposed,M3,3,EPIC-312,plugins,Workflow author,"The system shall provide provider-neutral chat, embedding, structured-output and tool-call tasks.","Plugin SDK contract, sandbox and integration tests",Kestra v1.3.30 public behavior and architecture parity baseline
URS-F-0384,Functional,Must,Proposed,M3,3,EPIC-312,plugins,Workflow author,"The system shall support model endpoint, credential, budget, timeout, retry and data-handling policy.","Plugin SDK contract, sandbox and integration tests",Kestra v1.3.30 public behavior and architecture parity baseline
URS-F-0385,Functional,Must,Proposed,M3,3,EPIC-312,plugins,Workflow author,The system shall expose workflows and approved operations through an authenticated MCP server.,"Plugin SDK contract, sandbox and integration tests",Kestra v1.3.30 public behavior and architecture parity baseline
URS-F-0386,Functional,Must,Proposed,M3,3,EPIC-312,plugins,Workflow author,The system shall invoke external MCP tools through scoped allowlists and auditable tool calls.,"Plugin SDK contract, sandbox and integration tests",Kestra v1.3.30 public behavior and architecture parity baseline
URS-F-0387,Functional,Must,Proposed,M3,3,EPIC-312,plugins,Workflow author,"The system shall store prompts, model parameters, usage, cost and response provenance subject to redaction policy.","Plugin SDK contract, sandbox and integration tests",Kestra v1.3.30 public behavior and architecture parity baseline
URS-F-0388,Functional,Must,Proposed,M3,3,EPIC-312,plugins,Workflow author,The system shall validate structured outputs against JSON Schema before downstream use.,"Plugin SDK contract, sandbox and integration tests",Kestra v1.3.30 public behavior and architecture parity baseline
URS-F-0389,Functional,Must,Proposed,M3,3,EPIC-312,plugins,Workflow author,The system shall require approval or policy checks for high-impact tools and sensitive data movement.,"Plugin SDK contract, sandbox and integration tests",Kestra v1.3.30 public behavior and architecture parity baseline
URS-F-0390,Functional,Must,Proposed,M3,3,EPIC-312,plugins,Workflow author,The system shall support replay with pinned model and prompt metadata while acknowledging provider nondeterminism.,"Plugin SDK contract, sandbox and integration tests",Kestra v1.3.30 public behavior and architecture parity baseline
URS-F-0391,Functional,Must,Proposed,M3,3,EPIC-313,plugins,Plugin developer,"The system shall provide generated SDK documentation, starter templates and local sandbox tooling.","Plugin SDK contract, sandbox and integration tests",Kestra v1.3.30 public behavior and architecture parity baseline
URS-F-0392,Functional,Must,Proposed,M3,3,EPIC-313,plugins,Plugin developer,"The system shall run manifest, schema, contract, security, license and compatibility checks in one command.","Plugin SDK contract, sandbox and integration tests",Kestra v1.3.30 public behavior and architecture parity baseline
URS-F-0393,Functional,Must,Proposed,M3,3,EPIC-313,plugins,Plugin developer,"The system shall publish reference fixtures for retries, cancellation, large files, secret redaction and worker restart.","Plugin SDK contract, sandbox and integration tests",Kestra v1.3.30 public behavior and architecture parity baseline
URS-F-0394,Functional,Must,Proposed,M3,3,EPIC-313,plugins,Plugin developer,The system shall generate human-readable documentation and sample configuration from plugin metadata.,"Plugin SDK contract, sandbox and integration tests",Kestra v1.3.30 public behavior and architecture parity baseline
URS-F-0395,Functional,Must,Proposed,M3,3,EPIC-313,plugins,Plugin developer,"The system shall define community, verified and certified quality levels with objective criteria.","Plugin SDK contract, sandbox and integration tests",Kestra v1.3.30 public behavior and architecture parity baseline
URS-F-0396,Functional,Must,Proposed,M3,3,EPIC-313,plugins,Plugin developer,The system shall allow maintainers to reproduce certification results from public CI evidence.,"Plugin SDK contract, sandbox and integration tests",Kestra v1.3.30 public behavior and architecture parity baseline
URS-F-0397,Functional,Must,Proposed,M3,3,EPIC-313,plugins,Plugin developer,The system shall track compatibility across supported platform releases.,"Plugin SDK contract, sandbox and integration tests",Kestra v1.3.30 public behavior and architecture parity baseline
URS-F-0398,Functional,Must,Proposed,M4,4,EPIC-400,api,API consumer,"The system shall provide CRUD and lifecycle endpoints for flows, revisions, executions, task runs, triggers, backfills, namespaces, files, key-values, plugins and governance resources.",OpenAPI contract and authenticated end-to-end API tests,Kestra v1.3.30 public behavior and architecture parity baseline
URS-F-0399,Functional,Must,Proposed,M4,4,EPIC-400,api,API consumer,"The system shall use consistent pagination, filtering, sorting, field selection, error envelopes and idempotency headers.",OpenAPI contract and authenticated end-to-end API tests,Kestra v1.3.30 public behavior and architecture parity baseline
URS-F-0400,Functional,Must,Proposed,M4,4,EPIC-400,api,API consumer,The system shall generate an OpenAPI document from implementation types and validate backward compatibility in CI.,OpenAPI contract and authenticated end-to-end API tests,Kestra v1.3.30 public behavior and architecture parity baseline
URS-F-0401,Functional,Must,Proposed,M4,4,EPIC-400,api,API consumer,The system shall support optimistic concurrency and conditional requests for mutable resources.,OpenAPI contract and authenticated end-to-end API tests,Kestra v1.3.30 public behavior and architecture parity baseline
URS-F-0402,Functional,Must,Proposed,M4,4,EPIC-400,api,API consumer,The system shall accept bulk operations with per-item results and bounded transactional scope.,OpenAPI contract and authenticated end-to-end API tests,Kestra v1.3.30 public behavior and architecture parity baseline
URS-F-0403,Functional,Must,Proposed,M4,4,EPIC-400,api,API consumer,"The system shall stream large imports, exports, logs and artifacts rather than buffering them.",OpenAPI contract and authenticated end-to-end API tests,Kestra v1.3.30 public behavior and architecture parity baseline
URS-F-0404,Functional,Must,Proposed,M4,4,EPIC-400,api,API consumer,The system shall version incompatible contracts and publish a deprecation schedule.,OpenAPI contract and authenticated end-to-end API tests,Kestra v1.3.30 public behavior and architecture parity baseline
URS-F-0405,Functional,Must,Proposed,M4,4,EPIC-400,api,API consumer,The system shall enforce authorization and tenant scope before resource existence is disclosed.,OpenAPI contract and authenticated end-to-end API tests,Kestra v1.3.30 public behavior and architecture parity baseline
URS-F-0406,Functional,Must,Proposed,M4,4,EPIC-401,api,API consumer,The system shall provide reconnectable server-sent event or WebSocket streams with cursor-based resume.,OpenAPI contract and authenticated end-to-end API tests,Kestra v1.3.30 public behavior and architecture parity baseline
URS-F-0407,Functional,Must,Proposed,M4,4,EPIC-401,api,API consumer,"The system shall filter subscriptions by authorized tenant, namespace, flow, execution, event type and severity.",OpenAPI contract and authenticated end-to-end API tests,Kestra v1.3.30 public behavior and architecture parity baseline
URS-F-0408,Functional,Must,Proposed,M4,4,EPIC-401,api,API consumer,The system shall bound per-client buffers and apply backpressure or disconnect policy.,OpenAPI contract and authenticated end-to-end API tests,Kestra v1.3.30 public behavior and architecture parity baseline
URS-F-0409,Functional,Must,Proposed,M4,4,EPIC-401,api,API consumer,"The system shall provide signed outbound webhooks with retries, rotation, replay protection and delivery history.",OpenAPI contract and authenticated end-to-end API tests,Kestra v1.3.30 public behavior and architecture parity baseline
URS-F-0410,Functional,Must,Proposed,M4,4,EPIC-401,api,API consumer,The system shall let consumers test webhook endpoints and replay selected deliveries.,OpenAPI contract and authenticated end-to-end API tests,Kestra v1.3.30 public behavior and architecture parity baseline
URS-F-0411,Functional,Must,Proposed,M4,4,EPIC-401,api,API consumer,The system shall redact event payloads according to field sensitivity and caller permissions.,OpenAPI contract and authenticated end-to-end API tests,Kestra v1.3.30 public behavior and architecture parity baseline
URS-F-0412,Functional,Must,Proposed,M4,4,EPIC-401,api,API consumer,The system shall emit heartbeats and explicit gap signals when a cursor is no longer available.,OpenAPI contract and authenticated end-to-end API tests,Kestra v1.3.30 public behavior and architecture parity baseline
URS-F-0413,Functional,Must,Proposed,M4,4,EPIC-401,api,API consumer,The system shall continue core orchestration when realtime clients or webhook destinations are unavailable.,OpenAPI contract and authenticated end-to-end API tests,Kestra v1.3.30 public behavior and architecture parity baseline
URS-F-0414,Functional,Must,Proposed,M4,4,EPIC-402,api,Developer,"The system shall provide a cross-platform CLI for authentication, configuration, flows, executions, namespaces, files, plugins and administration.",OpenAPI contract and authenticated end-to-end API tests,Kestra v1.3.30 public behavior and architecture parity baseline
URS-F-0415,Functional,Must,Proposed,M4,4,EPIC-402,api,Developer,"The system shall support human-readable, JSON and quiet output modes with stable exit codes.",OpenAPI contract and authenticated end-to-end API tests,Kestra v1.3.30 public behavior and architecture parity baseline
URS-F-0416,Functional,Must,Proposed,M4,4,EPIC-402,api,Developer,"The system shall support declarative apply, diff, delete and export workflows from files or standard input.",OpenAPI contract and authenticated end-to-end API tests,Kestra v1.3.30 public behavior and architecture parity baseline
URS-F-0417,Functional,Must,Proposed,M4,4,EPIC-402,api,Developer,"The system shall generate typed Python, JavaScript or TypeScript, Java and Go clients from the supported API contract.",OpenAPI contract and authenticated end-to-end API tests,Kestra v1.3.30 public behavior and architecture parity baseline
URS-F-0418,Functional,Must,Proposed,M4,4,EPIC-402,api,Developer,The system shall publish clients with version compatibility metadata and retry or pagination helpers.,OpenAPI contract and authenticated end-to-end API tests,Kestra v1.3.30 public behavior and architecture parity baseline
URS-F-0419,Functional,Must,Proposed,M4,4,EPIC-402,api,Developer,The system shall store credentials using operating-system secure storage when available.,OpenAPI contract and authenticated end-to-end API tests,Kestra v1.3.30 public behavior and architecture parity baseline
URS-F-0420,Functional,Must,Proposed,M4,4,EPIC-402,api,Developer,The system shall support non-interactive service-account authentication in CI.,OpenAPI contract and authenticated end-to-end API tests,Kestra v1.3.30 public behavior and architecture parity baseline
URS-F-0421,Functional,Must,Proposed,M4,4,EPIC-402,api,Developer,The system shall provide shell completion and command documentation generated from the command model.,OpenAPI contract and authenticated end-to-end API tests,Kestra v1.3.30 public behavior and architecture parity baseline
URS-F-0422,Functional,Must,Proposed,M4,4,EPIC-403,security,User,The system shall support secure local administrator bootstrap without shipping universal default credentials.,Security integration tests and threat-model review,Kestra v1.3.30 public behavior and architecture parity baseline
URS-F-0423,Functional,Must,Proposed,M4,4,EPIC-403,security,User,"The system shall support browser sessions with secure cookies, CSRF protection, rotation, inactivity and absolute expiry.",Security integration tests and threat-model review,Kestra v1.3.30 public behavior and architecture parity baseline
URS-F-0424,Functional,Must,Proposed,M4,4,EPIC-403,security,User,The system shall support bearer tokens for API and CLI clients with explicit audience and expiry.,Security integration tests and threat-model review,Kestra v1.3.30 public behavior and architecture parity baseline
URS-F-0425,Functional,Must,Proposed,M4,4,EPIC-403,security,User,"The system shall apply account lockout, rate limiting and anomaly telemetry to authentication attempts.",Security integration tests and threat-model review,Kestra v1.3.30 public behavior and architecture parity baseline
URS-F-0426,Functional,Must,Proposed,M4,4,EPIC-403,security,User,"The system shall support logout, global session revocation and credential rotation.",Security integration tests and threat-model review,Kestra v1.3.30 public behavior and architecture parity baseline
URS-F-0427,Functional,Must,Proposed,M4,4,EPIC-403,security,User,"The system shall record authentication events without logging passwords, assertions or token material.",Security integration tests and threat-model review,Kestra v1.3.30 public behavior and architecture parity baseline
URS-F-0428,Functional,Must,Proposed,M4,4,EPIC-403,security,User,"The system shall expose a provider-neutral authentication interface used by OIDC, SAML, LDAP and local modes.",Security integration tests and threat-model review,Kestra v1.3.30 public behavior and architecture parity baseline
URS-F-0429,Functional,Must,Proposed,M4,4,EPIC-403,security,User,The system shall disable local password authentication when policy requires federated-only access.,Security integration tests and threat-model review,Kestra v1.3.30 public behavior and architecture parity baseline
URS-F-0430,Functional,Must,Verified,M4,4,EPIC-404,ui,User,"The system shall provide consistent navigation for dashboards, flows, executions, namespaces, assets, apps, plugins and administration.","Automated browser, accessibility and manual usability tests",Kestra v1.3.30 public behavior and architecture parity baseline
URS-F-0431,Functional,Must,Verified,M4,4,EPIC-404,ui,User,The system shall hide or disable actions based on server-authoritative permissions without relying on UI checks for enforcement.,"Automated browser, accessibility and manual usability tests",Kestra v1.3.30 public behavior and architecture parity baseline
URS-F-0432,Functional,Must,Verified,M4,4,EPIC-404,ui,User,"The system shall support deep links, browser history, saved views and tenant or namespace context.","Automated browser, accessibility and manual usability tests",Kestra v1.3.30 public behavior and architecture parity baseline
URS-F-0433,Functional,Must,Verified,M4,4,EPIC-404,ui,User,"The system shall meet WCAG 2.2 AA for keyboard access, focus, semantics, contrast and assistive technology in GA scope.","Automated browser, accessibility and manual usability tests",Kestra v1.3.30 public behavior and architecture parity baseline
URS-F-0434,Functional,Must,Verified,M4,4,EPIC-404,ui,User,The system shall support responsive desktop and tablet layouts and a documented browser support policy.,"Automated browser, accessibility and manual usability tests",Kestra v1.3.30 public behavior and architecture parity baseline
URS-F-0435,Functional,Must,Verified,M4,4,EPIC-404,ui,User,"The system shall provide global search, command palette, notifications and error recovery.","Automated browser, accessibility and manual usability tests",Kestra v1.3.30 public behavior and architecture parity baseline
URS-F-0436,Functional,Must,Verified,M4,4,EPIC-404,ui,User,"The system shall internationalize user-visible strings and locale-sensitive dates, numbers and time zones.","Automated browser, accessibility and manual usability tests",Kestra v1.3.30 public behavior and architecture parity baseline
URS-F-0437,Functional,Must,Verified,M4,4,EPIC-404,ui,User,The system shall collect opt-in product telemetry only under explicit deployment policy.,"Automated browser, accessibility and manual usability tests",Kestra v1.3.30 public behavior and architecture parity baseline
URS-F-0438,Functional,Must,Proposed,M4,4,EPIC-405,ui,Workflow author,"The system shall edit YAML with syntax highlighting, folding, formatting, search and multi-cursor support.","Automated browser, accessibility and manual usability tests",Kestra v1.3.30 public behavior and architecture parity baseline
URS-F-0439,Functional,Must,Proposed,M4,4,EPIC-405,ui,Workflow author,The system shall provide schema-driven completion for core and installed plugin properties.,"Automated browser, accessibility and manual usability tests",Kestra v1.3.30 public behavior and architecture parity baseline
URS-F-0440,Functional,Must,Proposed,M4,4,EPIC-405,ui,Workflow author,"The system shall show validation errors, warnings and documentation at exact source ranges.","Automated browser, accessibility and manual usability tests",Kestra v1.3.30 public behavior and architecture parity baseline
URS-F-0441,Functional,Must,Proposed,M4,4,EPIC-405,ui,Workflow author,The system shall preview expression evaluation using a safe redacted sample context.,"Automated browser, accessibility and manual usability tests",Kestra v1.3.30 public behavior and architecture parity baseline
URS-F-0442,Functional,Must,Proposed,M4,4,EPIC-405,ui,Workflow author,The system shall diff current edits against active and historical revisions.,"Automated browser, accessibility and manual usability tests",Kestra v1.3.30 public behavior and architecture parity baseline
URS-F-0443,Functional,Must,Proposed,M4,4,EPIC-405,ui,Workflow author,The system shall preserve drafts locally and warn before navigating away from unsaved changes.,"Automated browser, accessibility and manual usability tests",Kestra v1.3.30 public behavior and architecture parity baseline
URS-F-0444,Functional,Must,Proposed,M4,4,EPIC-405,ui,Workflow author,The system shall validate and save through server APIs so client and server rules cannot diverge.,"Automated browser, accessibility and manual usability tests",Kestra v1.3.30 public behavior and architecture parity baseline
URS-F-0445,Functional,Must,Proposed,M4,4,EPIC-405,ui,Workflow author,"The system shall support import, export, clone, disable and revision restore operations.","Automated browser, accessibility and manual usability tests",Kestra v1.3.30 public behavior and architecture parity baseline
URS-F-0446,Functional,Must,Proposed,M4,4,EPIC-406,ui,Workflow author,The system shall render the canonical flow model as an interactive task and dependency graph.,"Automated browser, accessibility and manual usability tests",Kestra v1.3.30 public behavior and architecture parity baseline
URS-F-0447,Functional,Must,Proposed,M4,4,EPIC-406,ui,Workflow author,"The system shall add, configure, connect, reorder, group and remove supported tasks through schema-generated forms.","Automated browser, accessibility and manual usability tests",Kestra v1.3.30 public behavior and architecture parity baseline
URS-F-0448,Functional,Must,Proposed,M4,4,EPIC-406,ui,Workflow author,The system shall round-trip supported visual edits to YAML without changing unrelated semantic content.,"Automated browser, accessibility and manual usability tests",Kestra v1.3.30 public behavior and architecture parity baseline
URS-F-0449,Functional,Must,Proposed,M4,4,EPIC-406,ui,Workflow author,The system shall fall back to code editing for constructs the visual editor cannot represent.,"Automated browser, accessibility and manual usability tests",Kestra v1.3.30 public behavior and architecture parity baseline
URS-F-0450,Functional,Must,Proposed,M4,4,EPIC-406,ui,Workflow author,"The system shall show conditions, retries, timeouts, concurrency, handlers and subflows in topology.","Automated browser, accessibility and manual usability tests",Kestra v1.3.30 public behavior and architecture parity baseline
URS-F-0451,Functional,Must,Proposed,M4,4,EPIC-406,ui,Workflow author,"The system shall validate graph cycles, missing references and incompatible connections before save.","Automated browser, accessibility and manual usability tests",Kestra v1.3.30 public behavior and architecture parity baseline
URS-F-0452,Functional,Must,Proposed,M4,4,EPIC-406,ui,Workflow author,"The system shall support zoom, pan, keyboard navigation, minimap and large-graph performance.","Automated browser, accessibility and manual usability tests",Kestra v1.3.30 public behavior and architecture parity baseline
URS-F-0453,Functional,Must,Proposed,M4,4,EPIC-406,ui,Workflow author,The system shall mark generated or lossy transformations before the user accepts them.,"Automated browser, accessibility and manual usability tests",Kestra v1.3.30 public behavior and architecture parity baseline
URS-F-0454,Functional,Must,Proposed,M4,4,EPIC-407,ui,Operator,"The system shall show execution identity, revision, inputs, labels, state history, duration, trigger and parent-child relationships.","Automated browser, accessibility and manual usability tests",Kestra v1.3.30 public behavior and architecture parity baseline
URS-F-0455,Functional,Must,Proposed,M4,4,EPIC-407,ui,Operator,"The system shall render task runs as topology and Gantt views with attempts, queues, waits and runner duration.","Automated browser, accessibility and manual usability tests",Kestra v1.3.30 public behavior and architecture parity baseline
URS-F-0456,Functional,Must,Proposed,M4,4,EPIC-407,ui,Operator,"The system shall stream and filter logs by task, attempt, level, worker, time and text.","Automated browser, accessibility and manual usability tests",Kestra v1.3.30 public behavior and architecture parity baseline
URS-F-0457,Functional,Must,Proposed,M4,4,EPIC-407,ui,Operator,"The system shall show rendered inputs, outputs, metrics, artifacts, errors and cache decisions subject to authorization.","Automated browser, accessibility and manual usability tests",Kestra v1.3.30 public behavior and architecture parity baseline
URS-F-0458,Functional,Must,Proposed,M4,4,EPIC-407,ui,Operator,"The system shall offer pause, resume, cancel, kill, restart, replay and backfill actions with impact confirmation.","Automated browser, accessibility and manual usability tests",Kestra v1.3.30 public behavior and architecture parity baseline
URS-F-0459,Functional,Must,Proposed,M4,4,EPIC-407,ui,Operator,The system shall link each state transition to its causative event and actor where available.,"Automated browser, accessibility and manual usability tests",Kestra v1.3.30 public behavior and architecture parity baseline
URS-F-0460,Functional,Must,Proposed,M4,4,EPIC-407,ui,Operator,The system shall retain the user's filters and selected task in shareable deep links.,"Automated browser, accessibility and manual usability tests",Kestra v1.3.30 public behavior and architecture parity baseline
URS-F-0461,Functional,Must,Proposed,M4,4,EPIC-407,ui,Operator,The system shall remain usable for executions with tens of thousands of task runs through virtualization and aggregation.,"Automated browser, accessibility and manual usability tests",Kestra v1.3.30 public behavior and architecture parity baseline
URS-F-0462,Functional,Must,Proposed,M4,4,EPIC-408,ui,Platform operator,"The system shall provide built-in instance, tenant, namespace, flow, worker and SLA dashboards.","Automated browser, accessibility and manual usability tests",Kestra v1.3.30 public behavior and architecture parity baseline
URS-F-0463,Functional,Must,Proposed,M4,4,EPIC-408,ui,Platform operator,"The system shall support time series, tables, counters, distributions, status breakdowns and ranked lists.","Automated browser, accessibility and manual usability tests",Kestra v1.3.30 public behavior and architecture parity baseline
URS-F-0464,Functional,Must,Proposed,M4,4,EPIC-408,ui,Platform operator,The system shall define dashboard queries through a typed restricted query model rather than arbitrary database SQL.,"Automated browser, accessibility and manual usability tests",Kestra v1.3.30 public behavior and architecture parity baseline
URS-F-0465,Functional,Must,Proposed,M4,4,EPIC-408,ui,Platform operator,"The system shall filter by time, labels, namespace, flow, state, worker group and custom dimensions.","Automated browser, accessibility and manual usability tests",Kestra v1.3.30 public behavior and architecture parity baseline
URS-F-0466,Functional,Must,Proposed,M4,4,EPIC-408,ui,Platform operator,"The system shall save, share, export and permission dashboards independently from underlying data.","Automated browser, accessibility and manual usability tests",Kestra v1.3.30 public behavior and architecture parity baseline
URS-F-0467,Functional,Must,Proposed,M4,4,EPIC-408,ui,Platform operator,"The system shall apply query limits, timeouts, sampling and aggregation to protect operational workloads.","Automated browser, accessibility and manual usability tests",Kestra v1.3.30 public behavior and architecture parity baseline
URS-F-0468,Functional,Must,Proposed,M4,4,EPIC-408,ui,Platform operator,"The system shall show query freshness, partial-result and permission-redaction indicators.","Automated browser, accessibility and manual usability tests",Kestra v1.3.30 public behavior and architecture parity baseline
URS-F-0469,Functional,Must,Proposed,M4,4,EPIC-408,ui,Platform operator,The system shall allow custom dashboard definitions to be managed through API and GitOps.,"Automated browser, accessibility and manual usability tests",Kestra v1.3.30 public behavior and architecture parity baseline
URS-F-0470,Functional,Must,Proposed,M4,4,EPIC-409,search,User,The system shall index authorized metadata and selected log fields into a replaceable search projection.,"Projection rebuild, isolation and query contract tests",Kestra v1.3.30 public behavior and architecture parity baseline
URS-F-0471,Functional,Must,Proposed,M4,4,EPIC-409,search,User,"The system shall support full-text, field, range, state, label, namespace and time filters.","Projection rebuild, isolation and query contract tests",Kestra v1.3.30 public behavior and architecture parity baseline
URS-F-0472,Functional,Must,Proposed,M4,4,EPIC-409,search,User,The system shall return stable pagination and relevance or field sorting.,"Projection rebuild, isolation and query contract tests",Kestra v1.3.30 public behavior and architecture parity baseline
URS-F-0473,Functional,Must,Proposed,M4,4,EPIC-409,search,User,The system shall rebuild indexes from authoritative repositories and event history.,"Projection rebuild, isolation and query contract tests",Kestra v1.3.30 public behavior and architecture parity baseline
URS-F-0474,Functional,Must,Proposed,M4,4,EPIC-409,search,User,The system shall continue writes and orchestration during search backend degradation.,"Projection rebuild, isolation and query contract tests",Kestra v1.3.30 public behavior and architecture parity baseline
URS-F-0475,Functional,Must,Proposed,M4,4,EPIC-409,search,User,The system shall prevent cross-tenant leakage in both indexed documents and query execution.,"Projection rebuild, isolation and query contract tests",Kestra v1.3.30 public behavior and architecture parity baseline
URS-F-0476,Functional,Must,Proposed,M4,4,EPIC-409,search,User,"The system shall expose index lag, failures, version and rebuild progress.","Projection rebuild, isolation and query contract tests",Kestra v1.3.30 public behavior and architecture parity baseline
URS-F-0477,Functional,Must,Proposed,M4,4,EPIC-409,search,User,"The system shall provide PostgreSQL full-text, trigram and structured search over rebuildable tenant-scoped projections.","Projection rebuild, isolation and query contract tests",Kestra v1.3.30 public behavior and architecture parity baseline
URS-F-0478,Functional,Must,Proposed,M4,4,EPIC-410,ui,Administrator,"The system shall browse namespace hierarchy, inherited settings, files, key-values, secrets metadata and plugin defaults.","Automated browser, accessibility and manual usability tests",Kestra v1.3.30 public behavior and architecture parity baseline
URS-F-0479,Functional,Must,Proposed,M4,4,EPIC-410,ui,Administrator,"The system shall manage users, groups, roles, bindings, service accounts, tokens and identity providers according to permissions.","Automated browser, accessibility and manual usability tests",Kestra v1.3.30 public behavior and architecture parity baseline
URS-F-0480,Functional,Must,Proposed,M4,4,EPIC-410,ui,Administrator,"The system shall view workers, services, queues, storage, search, migrations and component health.","Automated browser, accessibility and manual usability tests",Kestra v1.3.30 public behavior and architecture parity baseline
URS-F-0481,Functional,Must,Proposed,M4,4,EPIC-410,ui,Administrator,"The system shall manage retention, announcements, maintenance, kill switches and feature flags.","Automated browser, accessibility and manual usability tests",Kestra v1.3.30 public behavior and architecture parity baseline
URS-F-0482,Functional,Must,Proposed,M4,4,EPIC-410,ui,Administrator,The system shall display effective configuration and provenance while redacting secrets.,"Automated browser, accessibility and manual usability tests",Kestra v1.3.30 public behavior and architecture parity baseline
URS-F-0483,Functional,Must,Proposed,M4,4,EPIC-410,ui,Administrator,The system shall require reauthentication or step-up approval for high-risk administrative operations.,"Automated browser, accessibility and manual usability tests",Kestra v1.3.30 public behavior and architecture parity baseline
URS-F-0484,Functional,Must,Proposed,M4,4,EPIC-410,ui,Administrator,The system shall provide dry-run and impact previews for bulk or destructive changes.,"Automated browser, accessibility and manual usability tests",Kestra v1.3.30 public behavior and architecture parity baseline
URS-F-0485,Functional,Must,Proposed,M4,4,EPIC-410,ui,Administrator,The system shall record every successful and rejected administrative action in audit history.,"Automated browser, accessibility and manual usability tests",Kestra v1.3.30 public behavior and architecture parity baseline
URS-F-0486,Functional,Must,Proposed,M4,4,EPIC-411,ui,New user,"The system shall provide versioned blueprint templates with parameters, documentation, license and provenance.","Automated browser, accessibility and manual usability tests",Kestra v1.3.30 public behavior and architecture parity baseline
URS-F-0487,Functional,Must,Proposed,M4,4,EPIC-411,ui,New user,"The system shall search and preview built-in, organization and community blueprint catalogs.","Automated browser, accessibility and manual usability tests",Kestra v1.3.30 public behavior and architecture parity baseline
URS-F-0488,Functional,Must,Proposed,M4,4,EPIC-411,ui,New user,The system shall instantiate a blueprint into a draft flow without executing it automatically.,"Automated browser, accessibility and manual usability tests",Kestra v1.3.30 public behavior and architecture parity baseline
URS-F-0489,Functional,Must,Proposed,M4,4,EPIC-411,ui,New user,The system shall provide a playground that validates and simulates supported expressions and flow fragments.,"Automated browser, accessibility and manual usability tests",Kestra v1.3.30 public behavior and architecture parity baseline
URS-F-0490,Functional,Must,Proposed,M4,4,EPIC-411,ui,New user,The system shall isolate playground execution from production credentials and infrastructure by default.,"Automated browser, accessibility and manual usability tests",Kestra v1.3.30 public behavior and architecture parity baseline
URS-F-0491,Functional,Must,Proposed,M4,4,EPIC-411,ui,New user,"The system shall guide first-time administrators through storage, database, runner and authentication readiness.","Automated browser, accessibility and manual usability tests",Kestra v1.3.30 public behavior and architecture parity baseline
URS-F-0492,Functional,Must,Proposed,M4,4,EPIC-411,ui,New user,The system shall provide sample data and local-only examples that run in the reference Compose environment.,"Automated browser, accessibility and manual usability tests",Kestra v1.3.30 public behavior and architecture parity baseline
URS-F-0493,Functional,Must,Proposed,M4,4,EPIC-411,ui,New user,The system shall track onboarding completion locally without requiring external telemetry.,"Automated browser, accessibility and manual usability tests",Kestra v1.3.30 public behavior and architecture parity baseline
URS-F-0494,Functional,Must,Verified,M5,5,EPIC-500,governance,Administrator,"The system shall define permissions by resource type and action including view, create, update, delete, execute, manage and use.","Authorization, audit and administrative end-to-end tests",Publicly documented Kestra enterprise-class capability; independent fully-OSS implementation
URS-F-0495,Functional,Must,Verified,M5,5,EPIC-500,governance,Administrator,"The system shall bind roles to users, groups and service accounts at instance, tenant and namespace scopes.","Authorization, audit and administrative end-to-end tests",Publicly documented Kestra enterprise-class capability; independent fully-OSS implementation
URS-F-0496,Functional,Must,Verified,M5,5,EPIC-500,governance,Administrator,The system shall inherit namespace permissions predictably with explicit deny or boundary behavior.,"Authorization, audit and administrative end-to-end tests",Publicly documented Kestra enterprise-class capability; independent fully-OSS implementation
URS-F-0497,Functional,Must,Verified,M5,5,EPIC-500,governance,Administrator,"The system shall evaluate authorization server-side for REST, realtime, CLI, UI, worker and plugin-originated requests.","Authorization, audit and administrative end-to-end tests",Publicly documented Kestra enterprise-class capability; independent fully-OSS implementation
URS-F-0498,Functional,Must,Verified,M5,5,EPIC-500,governance,Administrator,The system shall cache decisions safely without retaining access after binding or group revocation.,"Authorization, audit and administrative end-to-end tests",Publicly documented Kestra enterprise-class capability; independent fully-OSS implementation
URS-F-0499,Functional,Must,Verified,M5,5,EPIC-500,governance,Administrator,The system shall explain authorization decisions to administrators without revealing inaccessible resource details.,"Authorization, audit and administrative end-to-end tests",Publicly documented Kestra enterprise-class capability; independent fully-OSS implementation
URS-F-0500,Functional,Must,Verified,M5,5,EPIC-500,governance,Administrator,The system shall provide built-in least-privilege roles and prevent accidental removal of all administrators.,"Authorization, audit and administrative end-to-end tests",Publicly documented Kestra enterprise-class capability; independent fully-OSS implementation
URS-F-0501,Functional,Must,Verified,M5,5,EPIC-500,governance,Administrator,The system shall test every public endpoint and event stream for tenant and permission isolation.,"Authorization, audit and administrative end-to-end tests",Publicly documented Kestra enterprise-class capability; independent fully-OSS implementation
URS-F-0502,Functional,Must,Verified,M5,5,EPIC-501,governance,Administrator,"The system shall create service accounts with roles, groups, tenant and namespace bindings.","Authorization, audit and administrative end-to-end tests",Publicly documented Kestra enterprise-class capability; independent fully-OSS implementation
URS-F-0503,Functional,Must,Verified,M5,5,EPIC-501,governance,Administrator,"The system shall issue hashed or asymmetric API tokens with name, scopes, audience, expiry and last-used metadata.","Authorization, audit and administrative end-to-end tests",Publicly documented Kestra enterprise-class capability; independent fully-OSS implementation
URS-F-0504,Functional,Must,Verified,M5,5,EPIC-501,governance,Administrator,The system shall show token material only once and support rotation with an overlap period.,"Authorization, audit and administrative end-to-end tests",Publicly documented Kestra enterprise-class capability; independent fully-OSS implementation
URS-F-0505,Functional,Must,Verified,M5,5,EPIC-501,governance,Administrator,"The system shall revoke tokens, sessions and derived credentials immediately across components.","Authorization, audit and administrative end-to-end tests",Publicly documented Kestra enterprise-class capability; independent fully-OSS implementation
URS-F-0506,Functional,Must,Verified,M5,5,EPIC-501,governance,Administrator,The system shall support workload identity and short-lived token exchange for workers and plugins.,"Authorization, audit and administrative end-to-end tests",Publicly documented Kestra enterprise-class capability; independent fully-OSS implementation
URS-F-0507,Functional,Must,Verified,M5,5,EPIC-501,governance,Administrator,The system shall apply independent quotas and rate limits to automation identities.,"Authorization, audit and administrative end-to-end tests",Publicly documented Kestra enterprise-class capability; independent fully-OSS implementation
URS-F-0508,Functional,Must,Verified,M5,5,EPIC-501,governance,Administrator,"The system shall record token creation, use, failure, rotation and revocation without storing token plaintext.","Authorization, audit and administrative end-to-end tests",Publicly documented Kestra enterprise-class capability; independent fully-OSS implementation
URS-F-0509,Functional,Must,Verified,M5,5,EPIC-501,governance,Administrator,The system shall prevent service accounts from interactive login unless explicitly supported by policy.,"Authorization, audit and administrative end-to-end tests",Publicly documented Kestra enterprise-class capability; independent fully-OSS implementation
URS-F-0510,Functional,Must,Proposed,M5,5,EPIC-502,governance,Administrator,The system shall support OpenID Connect authorization-code flow with PKCE and configurable claims.,"Authorization, audit and administrative end-to-end tests",Publicly documented Kestra enterprise-class capability; independent fully-OSS implementation
URS-F-0511,Functional,Must,Proposed,M5,5,EPIC-502,governance,Administrator,The system shall support SAML 2.0 service-provider flows with signed assertions and metadata rotation.,"Authorization, audit and administrative end-to-end tests",Publicly documented Kestra enterprise-class capability; independent fully-OSS implementation
URS-F-0512,Functional,Must,Proposed,M5,5,EPIC-502,governance,Administrator,The system shall support LDAP or Active Directory authentication and group lookup over TLS.,"Authorization, audit and administrative end-to-end tests",Publicly documented Kestra enterprise-class capability; independent fully-OSS implementation
URS-F-0513,Functional,Must,Proposed,M5,5,EPIC-502,governance,Administrator,"The system shall support SCIM 2.0 user and group provisioning, update, disable and deprovision operations.","Authorization, audit and administrative end-to-end tests",Publicly documented Kestra enterprise-class capability; independent fully-OSS implementation
URS-F-0514,Functional,Must,Proposed,M5,5,EPIC-502,governance,Administrator,The system shall map identity-provider claims or groups to platform groups and tenant access through explicit rules.,"Authorization, audit and administrative end-to-end tests",Publicly documented Kestra enterprise-class capability; independent fully-OSS implementation
URS-F-0515,Functional,Must,Proposed,M5,5,EPIC-502,governance,Administrator,"The system shall prevent account takeover through ambiguous email, subject or provider linking.","Authorization, audit and administrative end-to-end tests",Publicly documented Kestra enterprise-class capability; independent fully-OSS implementation
URS-F-0516,Functional,Must,Proposed,M5,5,EPIC-502,governance,Administrator,"The system shall test signing-key rotation, clock skew, replay, logout and provider outage behavior.","Authorization, audit and administrative end-to-end tests",Publicly documented Kestra enterprise-class capability; independent fully-OSS implementation
URS-F-0517,Functional,Must,Proposed,M5,5,EPIC-502,governance,Administrator,The system shall allow multiple identity providers with domain or tenant routing policy.,"Authorization, audit and administrative end-to-end tests",Publicly documented Kestra enterprise-class capability; independent fully-OSS implementation
URS-F-0518,Functional,Must,Verified,M5,5,EPIC-503,governance,Platform operator,"The system shall scope every resource, query, message, cache entry, artifact and audit event to an explicit tenant.","Authorization, audit and administrative end-to-end tests",Publicly documented Kestra enterprise-class capability; independent fully-OSS implementation
URS-F-0519,Functional,Must,Verified,M5,5,EPIC-503,governance,Platform operator,The system shall require tenant context at service boundaries and reject implicit fallback outside single-tenant mode.,"Authorization, audit and administrative end-to-end tests",Publicly documented Kestra enterprise-class capability; independent fully-OSS implementation
URS-F-0520,Functional,Must,Verified,M5,5,EPIC-503,governance,Platform operator,"The system shall support tenant creation, suspension, deletion, export and restoration workflows.","Authorization, audit and administrative end-to-end tests",Publicly documented Kestra enterprise-class capability; independent fully-OSS implementation
URS-F-0521,Functional,Must,Verified,M5,5,EPIC-503,governance,Platform operator,"The system shall apply tenant-specific quotas, retention, encryption, identity providers, plugins and feature flags.","Authorization, audit and administrative end-to-end tests",Publicly documented Kestra enterprise-class capability; independent fully-OSS implementation
URS-F-0522,Functional,Must,Verified,M5,5,EPIC-503,governance,Platform operator,"The system shall prevent identifiers, timing, search, metrics, logs and error messages from leaking cross-tenant information.","Authorization, audit and administrative end-to-end tests",Publicly documented Kestra enterprise-class capability; independent fully-OSS implementation
URS-F-0523,Functional,Must,Verified,M5,5,EPIC-503,governance,Platform operator,The system shall support tenant-aware worker groups and storage prefixes or buckets.,"Authorization, audit and administrative end-to-end tests",Publicly documented Kestra enterprise-class capability; independent fully-OSS implementation
URS-F-0524,Functional,Must,Verified,M5,5,EPIC-503,governance,Platform operator,The system shall let super-administrators operate across tenants with separately audited privileges.,"Authorization, audit and administrative end-to-end tests",Publicly documented Kestra enterprise-class capability; independent fully-OSS implementation
URS-F-0525,Functional,Must,Verified,M5,5,EPIC-503,governance,Platform operator,The system shall prove isolation with adversarial automated tests and database policy checks.,"Authorization, audit and administrative end-to-end tests",Publicly documented Kestra enterprise-class capability; independent fully-OSS implementation
URS-F-0526,Functional,Must,Proposed,M5,5,EPIC-504,governance,Auditor,"The system shall audit authentication, authorization, resource mutation, execution intervention, secret use, policy decision and administration events.","Authorization, audit and administrative end-to-end tests",Publicly documented Kestra enterprise-class capability; independent fully-OSS implementation
URS-F-0527,Functional,Must,Proposed,M5,5,EPIC-504,governance,Auditor,"The system shall include actor, delegated identity, tenant, resource, action, outcome, reason, source, timestamp, correlation and trace identifiers.","Authorization, audit and administrative end-to-end tests",Publicly documented Kestra enterprise-class capability; independent fully-OSS implementation
URS-F-0528,Functional,Must,Proposed,M5,5,EPIC-504,governance,Auditor,The system shall redact protected values while retaining enough metadata for investigation.,"Authorization, audit and administrative end-to-end tests",Publicly documented Kestra enterprise-class capability; independent fully-OSS implementation
URS-F-0529,Functional,Must,Proposed,M5,5,EPIC-504,governance,Auditor,The system shall write audit events transactionally with the associated state change where possible.,"Authorization, audit and administrative end-to-end tests",Publicly documented Kestra enterprise-class capability; independent fully-OSS implementation
URS-F-0530,Functional,Must,Proposed,M5,5,EPIC-504,governance,Auditor,"The system shall detect gaps or tampering through append-only storage, hash chaining or signed export batches.","Authorization, audit and administrative end-to-end tests",Publicly documented Kestra enterprise-class capability; independent fully-OSS implementation
URS-F-0531,Functional,Must,Proposed,M5,5,EPIC-504,governance,Auditor,The system shall apply independent audit retention and legal-hold policy.,"Authorization, audit and administrative end-to-end tests",Publicly documented Kestra enterprise-class capability; independent fully-OSS implementation
URS-F-0532,Functional,Must,Proposed,M5,5,EPIC-504,governance,Auditor,"The system shall export audit events to files, object storage and external security information systems.","Authorization, audit and administrative end-to-end tests",Publicly documented Kestra enterprise-class capability; independent fully-OSS implementation
URS-F-0533,Functional,Must,Proposed,M5,5,EPIC-504,governance,Auditor,The system shall restrict audit access and audit access to the audit log itself.,"Authorization, audit and administrative end-to-end tests",Publicly documented Kestra enterprise-class capability; independent fully-OSS implementation
URS-F-0534,Functional,Must,Proposed,M5,5,EPIC-505,governance,Administrator,"The system shall allow or deny plugin packages, types, versions, vendors and capabilities at instance, tenant and namespace scopes.","Authorization, audit and administrative end-to-end tests",Publicly documented Kestra enterprise-class capability; independent fully-OSS implementation
URS-F-0535,Functional,Must,Proposed,M5,5,EPIC-505,governance,Administrator,"The system shall distinguish authoring, validation, execution and administration permissions for plugins.","Authorization, audit and administrative end-to-end tests",Publicly documented Kestra enterprise-class capability; independent fully-OSS implementation
URS-F-0536,Functional,Must,Proposed,M5,5,EPIC-505,governance,Administrator,The system shall freeze approved plugin versions and prevent unreviewed automatic upgrades.,"Authorization, audit and administrative end-to-end tests",Publicly documented Kestra enterprise-class capability; independent fully-OSS implementation
URS-F-0537,Functional,Must,Proposed,M5,5,EPIC-505,governance,Administrator,The system shall evaluate policy when saving a flow and again when starting an execution.,"Authorization, audit and administrative end-to-end tests",Publicly documented Kestra enterprise-class capability; independent fully-OSS implementation
URS-F-0538,Functional,Must,Proposed,M5,5,EPIC-505,governance,Administrator,"The system shall quarantine vulnerable, revoked or compromised plugin versions while preserving historical metadata.","Authorization, audit and administrative end-to-end tests",Publicly documented Kestra enterprise-class capability; independent fully-OSS implementation
URS-F-0539,Functional,Must,Proposed,M5,5,EPIC-505,governance,Administrator,The system shall show the effective policy and source of every decision.,"Authorization, audit and administrative end-to-end tests",Publicly documented Kestra enterprise-class capability; independent fully-OSS implementation
URS-F-0540,Functional,Must,Proposed,M5,5,EPIC-505,governance,Administrator,The system shall support emergency disable with an impact preview of affected flows and running executions.,"Authorization, audit and administrative end-to-end tests",Publicly documented Kestra enterprise-class capability; independent fully-OSS implementation
URS-F-0541,Functional,Must,Proposed,M5,5,EPIC-505,governance,Administrator,The system shall record policy changes and violations in audit history.,"Authorization, audit and administrative end-to-end tests",Publicly documented Kestra enterprise-class capability; independent fully-OSS implementation
URS-F-0542,Functional,Must,Proposed,M5,5,EPIC-506,security,Administrator,The system shall define a provider-neutral secret reference and lookup interface.,Security integration tests and threat-model review,Publicly documented Kestra enterprise-class capability; independent fully-OSS implementation
URS-F-0543,Functional,Must,Proposed,M5,5,EPIC-506,security,Administrator,The system shall support environment or file development secrets and at least three production secret-manager adapters before GA.,Security integration tests and threat-model review,Publicly documented Kestra enterprise-class capability; independent fully-OSS implementation
URS-F-0544,Functional,Must,Proposed,M5,5,EPIC-506,security,Administrator,"The system shall resolve secrets just in time for an authorized task, trigger, runner or plugin call.",Security integration tests and threat-model review,Publicly documented Kestra enterprise-class capability; independent fully-OSS implementation
URS-F-0545,Functional,Must,Proposed,M5,5,EPIC-506,security,Administrator,The system shall cache secret values only in protected memory for a bounded duration and support forced invalidation.,Security integration tests and threat-model review,Publicly documented Kestra enterprise-class capability; independent fully-OSS implementation
URS-F-0546,Functional,Must,Proposed,M5,5,EPIC-506,security,Administrator,"The system shall support version pinning, rotation, missing-secret behavior and provider failover policy.",Security integration tests and threat-model review,Publicly documented Kestra enterprise-class capability; independent fully-OSS implementation
URS-F-0547,Functional,Must,Proposed,M5,5,EPIC-506,security,Administrator,"The system shall prevent secret values from entering events, logs, errors, metrics, outputs, caches or UI previews.",Security integration tests and threat-model review,Publicly documented Kestra enterprise-class capability; independent fully-OSS implementation
URS-F-0548,Functional,Must,Proposed,M5,5,EPIC-506,security,Administrator,The system shall audit secret metadata access and use without recording the value.,Security integration tests and threat-model review,Publicly documented Kestra enterprise-class capability; independent fully-OSS implementation
URS-F-0549,Functional,Must,Proposed,M5,5,EPIC-506,security,Administrator,The system shall apply namespace and tenant permissions independently from provider-side permissions.,Security integration tests and threat-model review,Publicly documented Kestra enterprise-class capability; independent fully-OSS implementation
URS-F-0550,Functional,Must,Proposed,M5,5,EPIC-507,governance,Data steward,The system shall register assets from explicit declarations and plugin-emitted read or write events.,"Authorization, audit and administrative end-to-end tests",Publicly documented Kestra enterprise-class capability; independent fully-OSS implementation
URS-F-0551,Functional,Must,Proposed,M5,5,EPIC-507,governance,Data steward,"The system shall identify assets by provider, account, location, type and stable external key.","Authorization, audit and administrative end-to-end tests",Publicly documented Kestra enterprise-class capability; independent fully-OSS implementation
URS-F-0552,Functional,Must,Proposed,M5,5,EPIC-507,governance,Data steward,"The system shall link assets to producing and consuming flows, task runs, executions and artifacts.","Authorization, audit and administrative end-to-end tests",Publicly documented Kestra enterprise-class capability; independent fully-OSS implementation
URS-F-0553,Functional,Must,Proposed,M5,5,EPIC-507,governance,Data steward,"The system shall display upstream, downstream, last materialization, health and ownership metadata.","Authorization, audit and administrative end-to-end tests",Publicly documented Kestra enterprise-class capability; independent fully-OSS implementation
URS-F-0554,Functional,Must,Proposed,M5,5,EPIC-507,governance,Data steward,"The system shall support custom metadata, tags, descriptions, contacts and domain grouping.","Authorization, audit and administrative end-to-end tests",Publicly documented Kestra enterprise-class capability; independent fully-OSS implementation
URS-F-0555,Functional,Must,Proposed,M5,5,EPIC-507,governance,Data steward,"The system shall record lineage confidence and distinguish declared, observed and inferred edges.","Authorization, audit and administrative end-to-end tests",Publicly documented Kestra enterprise-class capability; independent fully-OSS implementation
URS-F-0556,Functional,Must,Proposed,M5,5,EPIC-507,governance,Data steward,The system shall apply tenant and namespace permissions to asset visibility and lineage traversal.,"Authorization, audit and administrative end-to-end tests",Publicly documented Kestra enterprise-class capability; independent fully-OSS implementation
URS-F-0557,Functional,Must,Proposed,M5,5,EPIC-507,governance,Data steward,The system shall export catalog and lineage through API and open interchange formats where practical.,"Authorization, audit and administrative end-to-end tests",Publicly documented Kestra enterprise-class capability; independent fully-OSS implementation
URS-F-0558,Functional,Must,Proposed,M5,5,EPIC-508,governance,Business user,"The system shall define versioned apps with forms, validation, display, permissions and flow launch behavior.","Authorization, audit and administrative end-to-end tests",Publicly documented Kestra enterprise-class capability; independent fully-OSS implementation
URS-F-0559,Functional,Must,Proposed,M5,5,EPIC-508,governance,Business user,The system shall generate forms from flow inputs while allowing explicit layout and help text.,"Authorization, audit and administrative end-to-end tests",Publicly documented Kestra enterprise-class capability; independent fully-OSS implementation
URS-F-0560,Functional,Must,Proposed,M5,5,EPIC-508,governance,Business user,"The system shall create durable approval tasks with assignees, groups, deadlines, escalation and delegation.","Authorization, audit and administrative end-to-end tests",Publicly documented Kestra enterprise-class capability; independent fully-OSS implementation
URS-F-0561,Functional,Must,Proposed,M5,5,EPIC-508,governance,Business user,"The system shall support approve, reject, request changes, comment and attach artifact actions.","Authorization, audit and administrative end-to-end tests",Publicly documented Kestra enterprise-class capability; independent fully-OSS implementation
URS-F-0562,Functional,Must,Proposed,M5,5,EPIC-508,governance,Business user,The system shall resume waiting workflows exactly once after an authorized decision.,"Authorization, audit and administrative end-to-end tests",Publicly documented Kestra enterprise-class capability; independent fully-OSS implementation
URS-F-0563,Functional,Must,Proposed,M5,5,EPIC-508,governance,Business user,"The system shall record decision identity, time, reason and form values in audit and execution history.","Authorization, audit and administrative end-to-end tests",Publicly documented Kestra enterprise-class capability; independent fully-OSS implementation
URS-F-0564,Functional,Must,Proposed,M5,5,EPIC-508,governance,Business user,The system shall notify participants without exposing inaccessible execution data.,"Authorization, audit and administrative end-to-end tests",Publicly documented Kestra enterprise-class capability; independent fully-OSS implementation
URS-F-0565,Functional,Must,Proposed,M5,5,EPIC-508,governance,Business user,The system shall provide embeddable or linkable app views protected by the same authorization model.,"Authorization, audit and administrative end-to-end tests",Publicly documented Kestra enterprise-class capability; independent fully-OSS implementation
URS-F-0566,Functional,Must,Proposed,M5,5,EPIC-509,operations,Administrator,"The system shall publish scheduled and immediate announcements with severity, audience and expiry.","Reference deployment, upgrade and failure-recovery tests",Publicly documented Kestra enterprise-class capability; independent fully-OSS implementation
URS-F-0567,Functional,Must,Proposed,M5,5,EPIC-509,operations,Administrator,"The system shall enter maintenance modes that separately control authoring, new executions, triggers, API writes and worker dispatch.","Reference deployment, upgrade and failure-recovery tests",Publicly documented Kestra enterprise-class capability; independent fully-OSS implementation
URS-F-0568,Functional,Must,Proposed,M5,5,EPIC-509,operations,Administrator,"The system shall activate tenant, namespace, flow, plugin, runner or instance kill switches.","Reference deployment, upgrade and failure-recovery tests",Publicly documented Kestra enterprise-class capability; independent fully-OSS implementation
URS-F-0569,Functional,Must,Proposed,M5,5,EPIC-509,operations,Administrator,The system shall define behavior for already-running work when a switch is activated.,"Reference deployment, upgrade and failure-recovery tests",Publicly documented Kestra enterprise-class capability; independent fully-OSS implementation
URS-F-0570,Functional,Must,Proposed,M5,5,EPIC-509,operations,Administrator,"The system shall require reason, actor, expiry or review for emergency controls.","Reference deployment, upgrade and failure-recovery tests",Publicly documented Kestra enterprise-class capability; independent fully-OSS implementation
URS-F-0571,Functional,Must,Proposed,M5,5,EPIC-509,operations,Administrator,The system shall propagate control changes rapidly to all components and expose acknowledgement status.,"Reference deployment, upgrade and failure-recovery tests",Publicly documented Kestra enterprise-class capability; independent fully-OSS implementation
URS-F-0572,Functional,Must,Proposed,M5,5,EPIC-509,operations,Administrator,The system shall automatically expire temporary controls where configured.,"Reference deployment, upgrade and failure-recovery tests",Publicly documented Kestra enterprise-class capability; independent fully-OSS implementation
URS-F-0573,Functional,Must,Proposed,M5,5,EPIC-509,operations,Administrator,"The system shall audit activation, extension, bypass and deactivation events.","Reference deployment, upgrade and failure-recovery tests",Publicly documented Kestra enterprise-class capability; independent fully-OSS implementation
URS-F-0574,Functional,Must,Proposed,M5,5,EPIC-510,governance,Workflow author,"The system shall define tests with a flow revision, inputs, variables, mocked tasks or plugins and expected states or outputs.","Authorization, audit and administrative end-to-end tests",Publicly documented Kestra enterprise-class capability; independent fully-OSS implementation
URS-F-0575,Functional,Must,Proposed,M5,5,EPIC-510,governance,Workflow author,"The system shall simulate expressions, branches, retries, handlers and generated task graphs without external side effects.","Authorization, audit and administrative end-to-end tests",Publicly documented Kestra enterprise-class capability; independent fully-OSS implementation
URS-F-0576,Functional,Must,Proposed,M5,5,EPIC-510,governance,Workflow author,"The system shall run selected tests through API, CLI, UI and CI with machine-readable results.","Authorization, audit and administrative end-to-end tests",Publicly documented Kestra enterprise-class capability; independent fully-OSS implementation
URS-F-0577,Functional,Must,Proposed,M5,5,EPIC-510,governance,Workflow author,The system shall provide plugin fixtures and recorded responses for external integrations.,"Authorization, audit and administrative end-to-end tests",Publicly documented Kestra enterprise-class capability; independent fully-OSS implementation
URS-F-0578,Functional,Must,Proposed,M5,5,EPIC-510,governance,Workflow author,"The system shall measure covered tasks, branches, handlers and conditions without claiming full semantic proof.","Authorization, audit and administrative end-to-end tests",Publicly documented Kestra enterprise-class capability; independent fully-OSS implementation
URS-F-0579,Functional,Must,Proposed,M5,5,EPIC-510,governance,Workflow author,The system shall require passing tests through namespace promotion or policy gates.,"Authorization, audit and administrative end-to-end tests",Publicly documented Kestra enterprise-class capability; independent fully-OSS implementation
URS-F-0580,Functional,Must,Proposed,M5,5,EPIC-510,governance,Workflow author,"The system shall pin test results to flow revision, plugin set and simulator version.","Authorization, audit and administrative end-to-end tests",Publicly documented Kestra enterprise-class capability; independent fully-OSS implementation
URS-F-0581,Functional,Must,Proposed,M5,5,EPIC-510,governance,Workflow author,"The system shall isolate test data, secrets, artifacts and executions from production by default.","Authorization, audit and administrative end-to-end tests",Publicly documented Kestra enterprise-class capability; independent fully-OSS implementation
URS-F-0582,Functional,Must,Proposed,M6,6,EPIC-600,operations,Operator,"The system shall start webserver, executor, scheduler, worker and maintenance roles in one process or one deployment.","Reference deployment, upgrade and failure-recovery tests",Kestra v1.3.30 public behavior and architecture parity baseline
URS-F-0583,Functional,Must,Proposed,M6,6,EPIC-600,operations,Operator,The system shall use PostgreSQL for authoritative state and compact queueing in the reference mode.,"Reference deployment, upgrade and failure-recovery tests",Kestra v1.3.30 public behavior and architecture parity baseline
URS-F-0584,Functional,Must,Proposed,M6,6,EPIC-600,operations,Operator,The system shall use local or S3-compatible object storage through configuration.,"Reference deployment, upgrade and failure-recovery tests",Kestra v1.3.30 public behavior and architecture parity baseline
URS-F-0585,Functional,Must,Proposed,M6,6,EPIC-600,operations,Operator,"The system shall provide Docker, Docker Compose and native binary or package installation paths.","Reference deployment, upgrade and failure-recovery tests",Kestra v1.3.30 public behavior and architecture parity baseline
URS-F-0586,Functional,Must,Proposed,M6,6,EPIC-600,operations,Operator,"The system shall perform startup preflight checks for database, storage, configuration, migrations and required credentials.","Reference deployment, upgrade and failure-recovery tests",Kestra v1.3.30 public behavior and architecture parity baseline
URS-F-0587,Functional,Must,Proposed,M6,6,EPIC-600,operations,Operator,The system shall expose readiness separately from liveness and include degraded dependency states.,"Reference deployment, upgrade and failure-recovery tests",Kestra v1.3.30 public behavior and architecture parity baseline
URS-F-0588,Functional,Must,Proposed,M6,6,EPIC-600,operations,Operator,"The system shall support graceful shutdown that stops admission, drains work and checkpoints owned triggers.","Reference deployment, upgrade and failure-recovery tests",Kestra v1.3.30 public behavior and architecture parity baseline
URS-F-0589,Functional,Must,Proposed,M6,6,EPIC-600,operations,Operator,The system shall document minimum and recommended resources for development and production.,"Reference deployment, upgrade and failure-recovery tests",Kestra v1.3.30 public behavior and architecture parity baseline
URS-F-0590,Functional,Must,Proposed,M6,6,EPIC-601,operations,Operator,"The system shall run webserver, executor, scheduler, worker, indexer and maintenance roles as independent scalable services.","Reference deployment, upgrade and failure-recovery tests",Publicly documented Kestra enterprise-class capability; independent fully-OSS implementation
URS-F-0591,Functional,Must,Proposed,M6,6,EPIC-601,operations,Operator,"The system shall assign partitioned work through durable messages, leases and fencing rather than node affinity.","Reference deployment, upgrade and failure-recovery tests",Publicly documented Kestra enterprise-class capability; independent fully-OSS implementation
URS-F-0592,Functional,Must,Proposed,M6,6,EPIC-601,operations,Operator,The system shall continue orchestration through the loss and replacement of any stateless service instance.,"Reference deployment, upgrade and failure-recovery tests",Publicly documented Kestra enterprise-class capability; independent fully-OSS implementation
URS-F-0593,Functional,Must,Proposed,M6,6,EPIC-601,operations,Operator,The system shall support multiple replicas across failure zones with documented quorum dependencies.,"Reference deployment, upgrade and failure-recovery tests",Publicly documented Kestra enterprise-class capability; independent fully-OSS implementation
URS-F-0594,Functional,Must,Proposed,M6,6,EPIC-601,operations,Operator,"The system shall drain, upgrade and replace instances without losing accepted work.","Reference deployment, upgrade and failure-recovery tests",Publicly documented Kestra enterprise-class capability; independent fully-OSS implementation
URS-F-0595,Functional,Must,Proposed,M6,6,EPIC-601,operations,Operator,"The system shall expose service registry, version skew, ownership, partition and failover status.","Reference deployment, upgrade and failure-recovery tests",Publicly documented Kestra enterprise-class capability; independent fully-OSS implementation
URS-F-0596,Functional,Must,Proposed,M6,6,EPIC-601,operations,Operator,The system shall detect split-brain or stale ownership and reject unfenced mutations.,"Reference deployment, upgrade and failure-recovery tests",Publicly documented Kestra enterprise-class capability; independent fully-OSS implementation
URS-F-0597,Functional,Must,Proposed,M6,6,EPIC-601,operations,Operator,"The system shall publish tested reference topologies for small, medium and large deployments.","Reference deployment, upgrade and failure-recovery tests",Publicly documented Kestra enterprise-class capability; independent fully-OSS implementation
URS-F-0598,Functional,Must,Proposed,M6,6,EPIC-602,storage,Operator,The system shall support current supported PostgreSQL major versions under an explicit compatibility matrix.,Repository or storage adapter contract and fault-injection tests,Kestra v1.3.30 public behavior and architecture parity baseline
URS-F-0599,Functional,Must,Proposed,M6,6,EPIC-602,storage,Operator,"The system shall use connection pools, prepared statements, indexes and partitioning appropriate to execution workloads.",Repository or storage adapter contract and fault-injection tests,Kestra v1.3.30 public behavior and architecture parity baseline
URS-F-0600,Functional,Must,Proposed,M6,6,EPIC-602,storage,Operator,"The system shall implement queue claims, locks and scheduler ownership without long blocking transactions.",Repository or storage adapter contract and fault-injection tests,Kestra v1.3.30 public behavior and architecture parity baseline
URS-F-0601,Functional,Must,Proposed,M6,6,EPIC-602,storage,Operator,The system shall support read replicas only for explicitly stale-tolerant queries.,Repository or storage adapter contract and fault-injection tests,Kestra v1.3.30 public behavior and architecture parity baseline
URS-F-0602,Functional,Must,Proposed,M6,6,EPIC-602,storage,Operator,"The system shall provide maintenance for table bloat, partitions, statistics and high-volume event retention.",Repository or storage adapter contract and fault-injection tests,Kestra v1.3.30 public behavior and architecture parity baseline
URS-F-0603,Functional,Must,Proposed,M6,6,EPIC-602,storage,Operator,The system shall test managed PostgreSQL services and TLS configurations across major cloud providers.,Repository or storage adapter contract and fault-injection tests,Kestra v1.3.30 public behavior and architecture parity baseline
URS-F-0604,Functional,Must,Proposed,M6,6,EPIC-602,storage,Operator,The system shall publish query plans and benchmark thresholds for critical operations.,Repository or storage adapter contract and fault-injection tests,Kestra v1.3.30 public behavior and architecture parity baseline
URS-F-0605,Functional,Must,Proposed,M6,6,EPIC-602,storage,Operator,The system shall support backup-consistent object-storage metadata and point-in-time recovery procedures.,Repository or storage adapter contract and fault-injection tests,Kestra v1.3.30 public behavior and architecture parity baseline
URS-F-0606,Functional,Must,Proposed,M6,6,EPIC-603,messaging,Operator,"The system shall implement the internal messaging abstraction entirely on PostgreSQL using durable queue, outbox, inbox and lease records.","PostgreSQL delivery, ordering, duplicate, failover and saturation conformance tests",Publicly documented Kestra enterprise-class capability; independent fully-OSS implementation
URS-F-0607,Functional,Must,Proposed,M6,6,EPIC-603,messaging,Operator,The system shall shard and claim work by tenant and execution or trigger partition key while preserving required per-partition ordering.,"PostgreSQL delivery, ordering, duplicate, failover and saturation conformance tests",Publicly documented Kestra enterprise-class capability; independent fully-OSS implementation
URS-F-0608,Functional,Must,Proposed,M6,6,EPIC-603,messaging,Operator,"The system shall support independent consumer lanes, replay, retention, dead-letter and poison-message workflows on PostgreSQL.","PostgreSQL delivery, ordering, duplicate, failover and saturation conformance tests",Publicly documented Kestra enterprise-class capability; independent fully-OSS implementation
URS-F-0609,Functional,Must,Proposed,M6,6,EPIC-603,messaging,Operator,The system shall propagate trace context and message schema version through every durable queue envelope.,"PostgreSQL delivery, ordering, duplicate, failover and saturation conformance tests",Publicly documented Kestra enterprise-class capability; independent fully-OSS implementation
URS-F-0610,Functional,Must,Proposed,M6,6,EPIC-603,messaging,Operator,The system shall manage queue schema compatibility and rolling producer or consumer upgrades without losing committed work.,"PostgreSQL delivery, ordering, duplicate, failover and saturation conformance tests",Publicly documented Kestra enterprise-class capability; independent fully-OSS implementation
URS-F-0611,Functional,Must,Proposed,M6,6,EPIC-603,messaging,Operator,"The system shall surface shard skew, oldest eligible age, lease expiry, redelivery, throughput, transaction latency and PostgreSQL health.","PostgreSQL delivery, ordering, duplicate, failover and saturation conformance tests",Publicly documented Kestra enterprise-class capability; independent fully-OSS implementation
URS-F-0612,Functional,Must,Proposed,M6,6,EPIC-603,messaging,Operator,The system shall recover from PostgreSQL failover or connection loss without losing committed outbox or queue records.,"PostgreSQL delivery, ordering, duplicate, failover and saturation conformance tests",Publicly documented Kestra enterprise-class capability; independent fully-OSS implementation
URS-F-0613,Functional,Must,Proposed,M6,6,EPIC-603,messaging,Operator,The system shall document and benchmark semantic and capacity differences between single-host and horizontally scaled PostgreSQL queue profiles.,"PostgreSQL delivery, ordering, duplicate, failover and saturation conformance tests",Publicly documented Kestra enterprise-class capability; independent fully-OSS implementation
URS-F-0614,Functional,Must,Proposed,M6,6,EPIC-604,search,Operator,"The system shall project committed flow, execution, task-run, log, metric, asset and audit events into tenant-scoped PostgreSQL projection tables.","PostgreSQL projection rebuild, isolation, retention and query-load tests",Publicly documented Kestra enterprise-class capability; independent fully-OSS implementation
URS-F-0615,Functional,Must,Proposed,M6,6,EPIC-604,search,Operator,"The system shall version projection schemas, indexes, materialized views and rollups to support low-downtime rebuilds.","PostgreSQL projection rebuild, isolation, retention and query-load tests",Publicly documented Kestra enterprise-class capability; independent fully-OSS implementation
URS-F-0616,Functional,Must,Proposed,M6,6,EPIC-604,search,Operator,The system shall resume projection from durable event positions after projector failure.,"PostgreSQL projection rebuild, isolation, retention and query-load tests",Publicly documented Kestra enterprise-class capability; independent fully-OSS implementation
URS-F-0617,Functional,Must,Proposed,M6,6,EPIC-604,search,Operator,"The system shall rebuild selected tenants, resource types or time ranges without stopping orchestration.","PostgreSQL projection rebuild, isolation, retention and query-load tests",Publicly documented Kestra enterprise-class capability; independent fully-OSS implementation
URS-F-0618,Functional,Must,Proposed,M6,6,EPIC-604,search,Operator,"The system shall verify projected row counts, checksums and checkpoints against authoritative repositories.","PostgreSQL projection rebuild, isolation, retention and query-load tests",Publicly documented Kestra enterprise-class capability; independent fully-OSS implementation
URS-F-0619,Functional,Must,Proposed,M6,6,EPIC-604,search,Operator,The system shall enforce tenant isolation during projection construction and every search or analytics query.,"PostgreSQL projection rebuild, isolation, retention and query-load tests",Publicly documented Kestra enterprise-class capability; independent fully-OSS implementation
URS-F-0620,Functional,Must,Proposed,M6,6,EPIC-604,search,Operator,"The system shall partition, archive and expire projected data consistently with source retention policy.","PostgreSQL projection rebuild, isolation, retention and query-load tests",Publicly documented Kestra enterprise-class capability; independent fully-OSS implementation
URS-F-0621,Functional,Must,Proposed,M6,6,EPIC-604,search,Operator,The system shall support disabling or rebuilding projections and falling back to bounded authoritative queries where feasible.,"PostgreSQL projection rebuild, isolation, retention and query-load tests",Publicly documented Kestra enterprise-class capability; independent fully-OSS implementation
URS-F-0622,Functional,Must,Proposed,M6,6,EPIC-605,storage,Operator,"The system shall support S3-compatible, Azure Blob and Google Cloud Storage backends.",Repository or storage adapter contract and fault-injection tests,Kestra v1.3.30 public behavior and architecture parity baseline
URS-F-0623,Functional,Must,Proposed,M6,6,EPIC-605,storage,Operator,The system shall use tenant-aware prefixes or containers and configurable encryption keys.,Repository or storage adapter contract and fault-injection tests,Kestra v1.3.30 public behavior and architecture parity baseline
URS-F-0624,Functional,Must,Proposed,M6,6,EPIC-605,storage,Operator,"The system shall support proxy, private endpoint, custom certificate authority and workload identity configurations.",Repository or storage adapter contract and fault-injection tests,Kestra v1.3.30 public behavior and architecture parity baseline
URS-F-0625,Functional,Must,Proposed,M6,6,EPIC-605,storage,Operator,The system shall verify read-after-write assumptions and compensate for backend-specific consistency behavior.,Repository or storage adapter contract and fault-injection tests,Kestra v1.3.30 public behavior and architecture parity baseline
URS-F-0626,Functional,Must,Proposed,M6,6,EPIC-605,storage,Operator,"The system shall apply retention, lifecycle, legal hold and deletion markers without orphaning referenced artifacts.",Repository or storage adapter contract and fault-injection tests,Kestra v1.3.30 public behavior and architecture parity baseline
URS-F-0627,Functional,Must,Proposed,M6,6,EPIC-605,storage,Operator,The system shall support migration between storage backends with checksum verification and resumability.,Repository or storage adapter contract and fault-injection tests,Kestra v1.3.30 public behavior and architecture parity baseline
URS-F-0628,Functional,Must,Proposed,M6,6,EPIC-605,storage,Operator,"The system shall publish storage usage, request, latency, error and corruption metrics.",Repository or storage adapter contract and fault-injection tests,Kestra v1.3.30 public behavior and architecture parity baseline
URS-F-0629,Functional,Must,Proposed,M6,6,EPIC-605,storage,Operator,"The system shall include storage data in backup, restore and disaster-recovery validation.",Repository or storage adapter contract and fault-injection tests,Kestra v1.3.30 public behavior and architecture parity baseline
URS-F-0630,Functional,Must,Proposed,M6,6,EPIC-606,operations,Operator,The system shall publish minimal multi-architecture container images with non-root defaults and immutable tags.,"Reference deployment, upgrade and failure-recovery tests",Kestra v1.3.30 public behavior and architecture parity baseline
URS-F-0631,Functional,Must,Proposed,M6,6,EPIC-606,operations,Operator,The system shall provide a Helm chart for standalone and distributed role topologies.,"Reference deployment, upgrade and failure-recovery tests",Kestra v1.3.30 public behavior and architecture parity baseline
URS-F-0632,Functional,Must,Proposed,M6,6,EPIC-606,operations,Operator,"The system shall configure probes, disruption budgets, autoscaling, affinity, topology spread, resources and security contexts.","Reference deployment, upgrade and failure-recovery tests",Kestra v1.3.30 public behavior and architecture parity baseline
URS-F-0633,Functional,Must,Proposed,M6,6,EPIC-606,operations,Operator,"The system shall support external PostgreSQL, object storage, ingress, identity, secret and certificate integrations required by the selected deployment profile.","Reference deployment, upgrade and failure-recovery tests",Kestra v1.3.30 public behavior and architecture parity baseline
URS-F-0634,Functional,Must,Proposed,M6,6,EPIC-606,operations,Operator,The system shall avoid embedding default production secrets and support external secret injection.,"Reference deployment, upgrade and failure-recovery tests",Kestra v1.3.30 public behavior and architecture parity baseline
URS-F-0635,Functional,Must,Proposed,M6,6,EPIC-606,operations,Operator,"The system shall validate chart installation, upgrade and failure recovery against the documented on-premises Kubernetes reference topology and at least one additional portable Kubernetes distribution in CI or scheduled qualification.","Reference deployment, upgrade and failure-recovery tests",Kestra v1.3.30 public behavior and architecture parity baseline
URS-F-0636,Functional,Must,Proposed,M6,6,EPIC-606,operations,Operator,"The system shall provide network-policy examples that separate control plane, workers and user infrastructure.","Reference deployment, upgrade and failure-recovery tests",Kestra v1.3.30 public behavior and architecture parity baseline
URS-F-0637,Functional,Must,Proposed,M6,6,EPIC-606,operations,Operator,"The system shall publish values schema, migration notes and generated reference documentation.","Reference deployment, upgrade and failure-recovery tests",Kestra v1.3.30 public behavior and architecture parity baseline
URS-F-0638,Functional,Must,Proposed,M6,6,EPIC-607,observability,Operator,"The system shall instrument API, scheduler, executor, worker, storage, messaging, plugin and runner operations with OpenTelemetry.",Telemetry contract and outage tests,Kestra v1.3.30 public behavior and architecture parity baseline
URS-F-0639,Functional,Must,Proposed,M6,6,EPIC-607,observability,Operator,"The system shall propagate trace context through commands, events, messages, tasks, subflows and outbound plugin calls.",Telemetry contract and outage tests,Kestra v1.3.30 public behavior and architecture parity baseline
URS-F-0640,Functional,Must,Proposed,M6,6,EPIC-607,observability,Operator,The system shall publish Prometheus-compatible metrics with bounded cardinality and documented labels.,Telemetry contract and outage tests,Kestra v1.3.30 public behavior and architecture parity baseline
URS-F-0641,Functional,Must,Proposed,M6,6,EPIC-607,observability,Operator,"The system shall emit structured application logs with component, tenant-safe correlation and version metadata.",Telemetry contract and outage tests,Kestra v1.3.30 public behavior and architecture parity baseline
URS-F-0642,Functional,Must,Proposed,M6,6,EPIC-607,observability,Operator,The system shall support configurable log shipping to standard external destinations.,Telemetry contract and outage tests,Kestra v1.3.30 public behavior and architecture parity baseline
URS-F-0643,Functional,Must,Proposed,M6,6,EPIC-607,observability,Operator,"The system shall provide default dashboards and alerts for availability, latency, saturation, failures, lag and stuck work.",Telemetry contract and outage tests,Kestra v1.3.30 public behavior and architecture parity baseline
URS-F-0644,Functional,Must,Proposed,M6,6,EPIC-607,observability,Operator,The system shall redact sensitive values before telemetry export.,Telemetry contract and outage tests,Kestra v1.3.30 public behavior and architecture parity baseline
URS-F-0645,Functional,Must,Proposed,M6,6,EPIC-607,observability,Operator,The system shall continue core operation when telemetry collectors or exporters are unavailable.,Telemetry contract and outage tests,Kestra v1.3.30 public behavior and architecture parity baseline
URS-F-0646,Functional,Must,Proposed,M6,6,EPIC-608,operations,Operator,"The system shall define retention by resource type at instance, tenant, namespace and label scopes.","Reference deployment, upgrade and failure-recovery tests",Kestra v1.3.30 public behavior and architecture parity baseline
URS-F-0647,Functional,Must,Proposed,M6,6,EPIC-608,operations,Operator,The system shall preview affected record and byte counts before purge.,"Reference deployment, upgrade and failure-recovery tests",Kestra v1.3.30 public behavior and architecture parity baseline
URS-F-0648,Functional,Must,Proposed,M6,6,EPIC-608,operations,Operator,The system shall purge in bounded resumable batches that do not block active orchestration.,"Reference deployment, upgrade and failure-recovery tests",Kestra v1.3.30 public behavior and architecture parity baseline
URS-F-0649,Functional,Must,Proposed,M6,6,EPIC-608,operations,Operator,"The system shall preserve referential integrity across executions, task runs, events, logs, metrics, artifacts, caches and indexes.","Reference deployment, upgrade and failure-recovery tests",Kestra v1.3.30 public behavior and architecture parity baseline
URS-F-0650,Functional,Must,Proposed,M6,6,EPIC-608,operations,Operator,The system shall honor legal holds and independent audit-retention requirements.,"Reference deployment, upgrade and failure-recovery tests",Kestra v1.3.30 public behavior and architecture parity baseline
URS-F-0651,Functional,Must,Proposed,M6,6,EPIC-608,operations,Operator,The system shall delete object storage and search projections only after authoritative metadata decisions.,"Reference deployment, upgrade and failure-recovery tests",Kestra v1.3.30 public behavior and architecture parity baseline
URS-F-0652,Functional,Must,Proposed,M6,6,EPIC-608,operations,Operator,"The system shall record purge job progress, failures, retries and evidence.","Reference deployment, upgrade and failure-recovery tests",Kestra v1.3.30 public behavior and architecture parity baseline
URS-F-0653,Functional,Must,Proposed,M6,6,EPIC-608,operations,Operator,The system shall support manual purge and scheduled lifecycle policies.,"Reference deployment, upgrade and failure-recovery tests",Kestra v1.3.30 public behavior and architecture parity baseline
URS-F-0654,Functional,Must,Proposed,M6,6,EPIC-609,reliability,Operator,"The system shall document coordinated backup points for PostgreSQL metadata, queues and projections, object storage and configuration.","Fault-injection, replay and invariant tests",Kestra v1.3.30 public behavior and architecture parity baseline
URS-F-0655,Functional,Must,Proposed,M6,6,EPIC-609,reliability,Operator,The system shall automate backup verification through isolated restore tests.,"Fault-injection, replay and invariant tests",Kestra v1.3.30 public behavior and architecture parity baseline
URS-F-0656,Functional,Must,Proposed,M6,6,EPIC-609,reliability,Operator,The system shall support PostgreSQL point-in-time recovery and object-version-aware restoration.,"Fault-injection, replay and invariant tests",Kestra v1.3.30 public behavior and architecture parity baseline
URS-F-0657,Functional,Must,Proposed,M6,6,EPIC-609,reliability,Operator,The system shall rebuild disposable search and analytics projections from authoritative sources.,"Fault-injection, replay and invariant tests",Kestra v1.3.30 public behavior and architecture parity baseline
URS-F-0658,Functional,Must,Proposed,M6,6,EPIC-609,reliability,Operator,"The system shall detect and reconcile messages, leases and worker state after restoration.","Fault-injection, replay and invariant tests",Kestra v1.3.30 public behavior and architecture parity baseline
URS-F-0659,Functional,Must,Proposed,M6,6,EPIC-609,reliability,Operator,The system shall provide tenant-scoped export and import where isolation permits.,"Fault-injection, replay and invariant tests",Kestra v1.3.30 public behavior and architecture parity baseline
URS-F-0660,Functional,Must,Proposed,M6,6,EPIC-609,reliability,Operator,The system shall publish reference recovery time and recovery point procedures with measured evidence.,"Fault-injection, replay and invariant tests",Kestra v1.3.30 public behavior and architecture parity baseline
URS-F-0661,Functional,Must,Proposed,M6,6,EPIC-609,reliability,Operator,The system shall run scheduled disaster-recovery exercises and record unresolved gaps.,"Fault-injection, replay and invariant tests",Kestra v1.3.30 public behavior and architecture parity baseline
URS-F-0662,Functional,Must,Proposed,M6,6,EPIC-610,operations,Operator,"The system shall publish supported upgrade paths, LTS windows and minimum compatible component versions.","Reference deployment, upgrade and failure-recovery tests",Kestra v1.3.30 public behavior and architecture parity baseline
URS-F-0663,Functional,Must,Proposed,M6,6,EPIC-610,operations,Operator,"The system shall run pre-upgrade checks for schema, configuration, plugins, flow syntax, storage and capacity.","Reference deployment, upgrade and failure-recovery tests",Kestra v1.3.30 public behavior and architecture parity baseline
URS-F-0664,Functional,Must,Proposed,M6,6,EPIC-610,operations,Operator,The system shall support rolling upgrades where message and database compatibility permits.,"Reference deployment, upgrade and failure-recovery tests",Kestra v1.3.30 public behavior and architecture parity baseline
URS-F-0665,Functional,Must,Proposed,M6,6,EPIC-610,operations,Operator,The system shall block unsafe version skew and explain the required remediation.,"Reference deployment, upgrade and failure-recovery tests",Kestra v1.3.30 public behavior and architecture parity baseline
URS-F-0666,Functional,Must,Proposed,M6,6,EPIC-610,operations,Operator,The system shall upcast persisted events and migrate flow or plugin configuration through explicit tools.,"Reference deployment, upgrade and failure-recovery tests",Kestra v1.3.30 public behavior and architecture parity baseline
URS-F-0667,Functional,Must,Proposed,M6,6,EPIC-610,operations,Operator,The system shall retain a rollback window or provide restoration guidance for irreversible migrations.,"Reference deployment, upgrade and failure-recovery tests",Kestra v1.3.30 public behavior and architecture parity baseline
URS-F-0668,Functional,Must,Proposed,M6,6,EPIC-610,operations,Operator,The system shall test upgrades from every supported LTS release with representative workloads.,"Reference deployment, upgrade and failure-recovery tests",Kestra v1.3.30 public behavior and architecture parity baseline
URS-F-0669,Functional,Must,Proposed,M6,6,EPIC-610,operations,Operator,The system shall produce a post-upgrade verification report and unresolved compatibility warnings.,"Reference deployment, upgrade and failure-recovery tests",Kestra v1.3.30 public behavior and architecture parity baseline
URS-F-0670,Functional,Must,Proposed,M6,6,EPIC-611,reliability,Operator,"The system shall maintain reproducible benchmarks for flow creation, execution launch, task dispatch, scheduling, logs, search and UI queries.","Fault-injection, replay and invariant tests",Kestra v1.3.30 public behavior and architecture parity baseline
URS-F-0671,Functional,Must,Proposed,M6,6,EPIC-611,reliability,Operator,"The system shall measure throughput and latency at small, medium and large reference scales.","Fault-injection, replay and invariant tests",Kestra v1.3.30 public behavior and architecture parity baseline
URS-F-0672,Functional,Must,Proposed,M6,6,EPIC-611,reliability,Operator,"The system shall publish hardware, topology, dataset and configuration with every benchmark result.","Fault-injection, replay and invariant tests",Kestra v1.3.30 public behavior and architecture parity baseline
URS-F-0673,Functional,Must,Proposed,M6,6,EPIC-611,reliability,Operator,"The system shall load-test multi-tenant fairness, backfills, large DAGs, high log volume and plugin-heavy workloads.","Fault-injection, replay and invariant tests",Kestra v1.3.30 public behavior and architecture parity baseline
URS-F-0674,Functional,Must,Proposed,M6,6,EPIC-611,reliability,Operator,"The system shall inject process, node, PostgreSQL, object-storage, network, runner and plugin failures.","Fault-injection, replay and invariant tests",Kestra v1.3.30 public behavior and architecture parity baseline
URS-F-0675,Functional,Must,Proposed,M6,6,EPIC-611,reliability,Operator,The system shall assert no accepted command is lost and no stale owner can commit after fencing.,"Fault-injection, replay and invariant tests",Kestra v1.3.30 public behavior and architecture parity baseline
URS-F-0676,Functional,Must,Proposed,M6,6,EPIC-611,reliability,Operator,The system shall track performance regressions and require explicit approval beyond defined budgets.,"Fault-injection, replay and invariant tests",Kestra v1.3.30 public behavior and architecture parity baseline
URS-F-0677,Functional,Must,Proposed,M6,6,EPIC-611,reliability,Operator,The system shall provide capacity-planning guidance from benchmark and telemetry evidence.,"Fault-injection, replay and invariant tests",Kestra v1.3.30 public behavior and architecture parity baseline
URS-F-0678,Functional,Must,Proposed,M6,6,EPIC-612,security,Security engineer,"The system shall maintain a threat model covering control plane, workers, runners, plugins, storage, identity, UI and supply chain.",Security integration tests and threat-model review,Kestra v1.3.30 public behavior and architecture parity baseline
URS-F-0679,Functional,Must,Proposed,M6,6,EPIC-612,security,Security engineer,"The system shall run static analysis, dependency scanning, secret scanning, container scanning and dynamic security tests.",Security integration tests and threat-model review,Kestra v1.3.30 public behavior and architecture parity baseline
URS-F-0680,Functional,Must,Proposed,M6,6,EPIC-612,security,Security engineer,"The system shall generate SBOMs and signed provenance for source, binaries, containers, charts and plugin bundles.",Security integration tests and threat-model review,Kestra v1.3.30 public behavior and architecture parity baseline
URS-F-0681,Functional,Must,Proposed,M6,6,EPIC-612,security,Security engineer,The system shall use least-privilege service identities and short-lived credentials between components.,Security integration tests and threat-model review,Kestra v1.3.30 public behavior and architecture parity baseline
URS-F-0682,Functional,Must,Proposed,M6,6,EPIC-612,security,Security engineer,"The system shall apply secure defaults for headers, cookies, TLS, filesystem permissions, network and deserialization.",Security integration tests and threat-model review,Kestra v1.3.30 public behavior and architecture parity baseline
URS-F-0683,Functional,Must,Proposed,M6,6,EPIC-612,security,Security engineer,"The system shall provide vulnerability disclosure, security advisory and patch support procedures.",Security integration tests and threat-model review,Kestra v1.3.30 public behavior and architecture parity baseline
URS-F-0684,Functional,Must,Proposed,M6,6,EPIC-612,security,Security engineer,The system shall perform independent penetration testing before GA and after material security changes.,Security integration tests and threat-model review,Kestra v1.3.30 public behavior and architecture parity baseline
URS-F-0685,Functional,Must,Proposed,M6,6,EPIC-612,security,Security engineer,"The system shall document residual risks for in-process plugins, local process runners and administrative capabilities.",Security integration tests and threat-model review,Kestra v1.3.30 public behavior and architecture parity baseline
URS-F-0686,Functional,Must,Proposed,M6,6,EPIC-613,operations,Operator,The system shall support inbound TLS termination directly or through a trusted reverse proxy.,"Reference deployment, upgrade and failure-recovery tests",Kestra v1.3.30 public behavior and architecture parity baseline
URS-F-0687,Functional,Must,Proposed,M6,6,EPIC-613,operations,Operator,The system shall support mutual TLS between selected internal components and workers.,"Reference deployment, upgrade and failure-recovery tests",Kestra v1.3.30 public behavior and architecture parity baseline
URS-F-0688,Functional,Must,Proposed,M6,6,EPIC-613,operations,Operator,The system shall support custom certificate authorities and certificate rotation without full service outage.,"Reference deployment, upgrade and failure-recovery tests",Kestra v1.3.30 public behavior and architecture parity baseline
URS-F-0689,Functional,Must,Proposed,M6,6,EPIC-613,operations,Operator,The system shall support HTTP or HTTPS proxies and explicit no-proxy destinations.,"Reference deployment, upgrade and failure-recovery tests",Kestra v1.3.30 public behavior and architecture parity baseline
URS-F-0690,Functional,Must,Proposed,M6,6,EPIC-613,operations,Operator,The system shall validate forwarded headers and trusted proxy ranges before constructing external URLs.,"Reference deployment, upgrade and failure-recovery tests",Kestra v1.3.30 public behavior and architecture parity baseline
URS-F-0691,Functional,Must,Proposed,M6,6,EPIC-613,operations,Operator,The system shall provide egress allowlists and DNS or IP protections for plugins and HTTP tasks.,"Reference deployment, upgrade and failure-recovery tests",Kestra v1.3.30 public behavior and architecture parity baseline
URS-F-0692,Functional,Must,Proposed,M6,6,EPIC-613,operations,Operator,The system shall support private endpoints and split control-plane or worker network topologies.,"Reference deployment, upgrade and failure-recovery tests",Kestra v1.3.30 public behavior and architecture parity baseline
URS-F-0693,Functional,Must,Proposed,M6,6,EPIC-613,operations,Operator,"The system shall expose connection, certificate, proxy and DNS diagnostics without leaking credentials.","Reference deployment, upgrade and failure-recovery tests",Kestra v1.3.30 public behavior and architecture parity baseline
URS-F-0694,Functional,Must,Proposed,M7,7,EPIC-700,devops,Platform engineer,"The system shall export canonical flows, namespace files, dashboards, apps, tests and policy resources to repository-friendly files.","Declarative apply, drift and CI integration tests",Kestra v1.3.30 public behavior and architecture parity baseline
URS-F-0695,Functional,Must,Proposed,M7,7,EPIC-700,devops,Platform engineer,"The system shall apply creates, updates, deletes and moves from Git commits with dry-run and conflict detection.","Declarative apply, drift and CI integration tests",Kestra v1.3.30 public behavior and architecture parity baseline
URS-F-0696,Functional,Must,Proposed,M7,7,EPIC-700,devops,Platform engineer,The system shall support one-way Git-to-platform synchronization as the safe default.,"Declarative apply, drift and CI integration tests",Kestra v1.3.30 public behavior and architecture parity baseline
URS-F-0697,Functional,Must,Proposed,M7,7,EPIC-700,devops,Platform engineer,"The system shall link deployed revisions to repository, commit, actor, pipeline and environment metadata.","Declarative apply, drift and CI integration tests",Kestra v1.3.30 public behavior and architecture parity baseline
URS-F-0698,Functional,Must,Proposed,M7,7,EPIC-700,devops,Platform engineer,"The system shall provide CI helpers for validate, test, diff, plan, apply and deployment status.","Declarative apply, drift and CI integration tests",Kestra v1.3.30 public behavior and architecture parity baseline
URS-F-0699,Functional,Must,Proposed,M7,7,EPIC-700,devops,Platform engineer,"The system shall support GitHub, GitLab, Bitbucket and generic Git providers through adapters.","Declarative apply, drift and CI integration tests",Kestra v1.3.30 public behavior and architecture parity baseline
URS-F-0700,Functional,Must,Proposed,M7,7,EPIC-700,devops,Platform engineer,The system shall prevent sync loops and protect UI edits according to declared ownership mode.,"Declarative apply, drift and CI integration tests",Kestra v1.3.30 public behavior and architecture parity baseline
URS-F-0701,Functional,Must,Proposed,M7,7,EPIC-700,devops,Platform engineer,The system shall sign or verify deployment provenance where the Git provider supports it.,"Declarative apply, drift and CI integration tests",Kestra v1.3.30 public behavior and architecture parity baseline
URS-F-0702,Functional,Must,Proposed,M7,7,EPIC-701,devops,Platform engineer,"The system shall provide resources and data sources for flows, namespaces, files, key-values, dashboards, apps, users, groups, roles, bindings, service accounts, tenants, worker groups and plugin policies.","Declarative apply, drift and CI integration tests",Kestra v1.3.30 public behavior and architecture parity baseline
URS-F-0703,Functional,Must,Proposed,M7,7,EPIC-701,devops,Platform engineer,"The system shall implement import, refresh, plan, apply and drift detection with stable identifiers.","Declarative apply, drift and CI integration tests",Kestra v1.3.30 public behavior and architecture parity baseline
URS-F-0704,Functional,Must,Proposed,M7,7,EPIC-701,devops,Platform engineer,The system shall treat secret values as sensitive and avoid returning provider-resolved plaintext.,"Declarative apply, drift and CI integration tests",Kestra v1.3.30 public behavior and architecture parity baseline
URS-F-0705,Functional,Must,Proposed,M7,7,EPIC-701,devops,Platform engineer,The system shall support YAML file content and semantic diff suppression where safe.,"Declarative apply, drift and CI integration tests",Kestra v1.3.30 public behavior and architecture parity baseline
URS-F-0706,Functional,Must,Proposed,M7,7,EPIC-701,devops,Platform engineer,The system shall generate provider documentation and examples from schemas.,"Declarative apply, drift and CI integration tests",Kestra v1.3.30 public behavior and architecture parity baseline
URS-F-0707,Functional,Must,Proposed,M7,7,EPIC-701,devops,Platform engineer,The system shall test provider compatibility against supported platform releases.,"Declarative apply, drift and CI integration tests",Kestra v1.3.30 public behavior and architecture parity baseline
URS-F-0708,Functional,Must,Proposed,M7,7,EPIC-701,devops,Platform engineer,The system shall publish signed provider binaries for major operating systems and architectures.,"Declarative apply, drift and CI integration tests",Kestra v1.3.30 public behavior and architecture parity baseline
URS-F-0709,Functional,Must,Proposed,M7,7,EPIC-701,devops,Platform engineer,The system shall define behavior for server-managed defaults and immutable fields.,"Declarative apply, drift and CI integration tests",Kestra v1.3.30 public behavior and architecture parity baseline
URS-F-0710,Functional,Must,Proposed,M7,7,EPIC-702,devops,Platform engineer,"The system shall define custom resources for flows, namespaces, files, key-values, dashboards, apps and selected governance resources.","Declarative apply, drift and CI integration tests",Kestra v1.3.30 public behavior and architecture parity baseline
URS-F-0711,Functional,Must,Proposed,M7,7,EPIC-702,devops,Platform engineer,The system shall reconcile desired state through server APIs with status conditions and observed generation.,"Declarative apply, drift and CI integration tests",Kestra v1.3.30 public behavior and architecture parity baseline
URS-F-0712,Functional,Must,Proposed,M7,7,EPIC-702,devops,Platform engineer,"The system shall support finalizers, deletion policy, retry, backoff and drift detection.","Declarative apply, drift and CI integration tests",Kestra v1.3.30 public behavior and architecture parity baseline
URS-F-0713,Functional,Must,Proposed,M7,7,EPIC-702,devops,Platform engineer,The system shall read credentials from Kubernetes Secrets without copying them into status.,"Declarative apply, drift and CI integration tests",Kestra v1.3.30 public behavior and architecture parity baseline
URS-F-0714,Functional,Must,Proposed,M7,7,EPIC-702,devops,Platform engineer,The system shall scope watches and server credentials for multi-cluster or multi-tenant operation.,"Declarative apply, drift and CI integration tests",Kestra v1.3.30 public behavior and architecture parity baseline
URS-F-0715,Functional,Must,Proposed,M7,7,EPIC-702,devops,Platform engineer,The system shall emit Kubernetes events and metrics for reconciliation outcomes.,"Declarative apply, drift and CI integration tests",Kestra v1.3.30 public behavior and architecture parity baseline
URS-F-0716,Functional,Must,Proposed,M7,7,EPIC-702,devops,Platform engineer,The system shall version custom-resource schemas and provide conversion or migration guidance.,"Declarative apply, drift and CI integration tests",Kestra v1.3.30 public behavior and architecture parity baseline
URS-F-0717,Functional,Must,Proposed,M7,7,EPIC-702,devops,Platform engineer,The system shall avoid making Kubernetes etcd authoritative for execution runtime state.,"Declarative apply, drift and CI integration tests",Kestra v1.3.30 public behavior and architecture parity baseline
URS-F-0718,Functional,Must,Proposed,M7,7,EPIC-703,api,Application developer,"The system shall publish supported SDKs for Python, JavaScript or TypeScript, Java and Go.",OpenAPI contract and authenticated end-to-end API tests,Kestra v1.3.30 public behavior and architecture parity baseline
URS-F-0719,Functional,Must,Proposed,M7,7,EPIC-703,api,Application developer,"The system shall provide typed models, authentication, retries, idempotency, pagination, streaming and error helpers.",OpenAPI contract and authenticated end-to-end API tests,Kestra v1.3.30 public behavior and architecture parity baseline
URS-F-0720,Functional,Must,Proposed,M7,7,EPIC-703,api,Application developer,"The system shall support execution launch, monitoring, cancellation, logs, artifacts and webhook verification.",OpenAPI contract and authenticated end-to-end API tests,Kestra v1.3.30 public behavior and architecture parity baseline
URS-F-0721,Functional,Must,Proposed,M7,7,EPIC-703,api,Application developer,The system shall maintain semantic-version compatibility aligned with API support policy.,OpenAPI contract and authenticated end-to-end API tests,Kestra v1.3.30 public behavior and architecture parity baseline
URS-F-0722,Functional,Must,Proposed,M7,7,EPIC-703,api,Application developer,The system shall generate most models from OpenAPI while hand-crafting ergonomic high-level operations.,OpenAPI contract and authenticated end-to-end API tests,Kestra v1.3.30 public behavior and architecture parity baseline
URS-F-0723,Functional,Must,Proposed,M7,7,EPIC-703,api,Application developer,"The system shall publish examples for web applications, CLIs, CI systems and event consumers.",OpenAPI contract and authenticated end-to-end API tests,Kestra v1.3.30 public behavior and architecture parity baseline
URS-F-0724,Functional,Must,Proposed,M7,7,EPIC-703,api,Application developer,The system shall test SDKs against live conformance environments in release CI.,OpenAPI contract and authenticated end-to-end API tests,Kestra v1.3.30 public behavior and architecture parity baseline
URS-F-0725,Functional,Must,Proposed,M7,7,EPIC-703,api,Application developer,"The system shall document thread safety, async support and transport customization.",OpenAPI contract and authenticated end-to-end API tests,Kestra v1.3.30 public behavior and architecture parity baseline
URS-F-0726,Functional,Must,Proposed,M7,7,EPIC-704,compatibility,Migration engineer,The system shall parse Kestra v1.3.30 flow YAML into a source-preserving compatibility model.,Black-box differential and migration fixture tests,Kestra v1.3.30 public behavior and architecture parity baseline
URS-F-0727,Functional,Must,Proposed,M7,7,EPIC-704,compatibility,Migration engineer,"The system shall map every declared Kestra core property, expression, flowable, trigger, retry, timeout, concurrency, error and output behavior for the pinned target.",Black-box differential and migration fixture tests,Kestra v1.3.30 public behavior and architecture parity baseline
URS-F-0728,Functional,Must,Proposed,M7,7,EPIC-704,compatibility,Migration engineer,"The system shall classify mappings as exact, compatibility-adapted or blocked; approximate mappings shall not satisfy a full-compatibility release claim.",Black-box differential and migration fixture tests,Kestra v1.3.30 public behavior and architecture parity baseline
URS-F-0729,Functional,Must,Proposed,M7,7,EPIC-704,compatibility,Migration engineer,The system shall generate source-located migration patches or adapters without silently discarding or defaulting configuration.,Black-box differential and migration fixture tests,Kestra v1.3.30 public behavior and architecture parity baseline
URS-F-0730,Functional,Must,Proposed,M7,7,EPIC-704,compatibility,Migration engineer,"The system shall import and round-trip documented namespace files, key-values, labels, revisions, dashboards and export-bundle resources.",Black-box differential and migration fixture tests,Kestra v1.3.30 public behavior and architecture parity baseline
URS-F-0731,Functional,Must,Proposed,M7,7,EPIC-704,compatibility,Migration engineer,The system shall run black-box differential scenarios against the pinned Kestra target and AMESH using non-destructive reference plugins.,Black-box differential and migration fixture tests,Kestra v1.3.30 public behavior and architecture parity baseline
URS-F-0732,Functional,Must,Proposed,M7,7,EPIC-704,compatibility,Migration engineer,"The system shall compare validation, state transitions, task graph, outputs, API payloads, CLI results, timing windows and failure behavior with explicit tolerances.",Black-box differential and migration fixture tests,Kestra v1.3.30 public behavior and architecture parity baseline
URS-F-0733,Functional,Must,Proposed,M7,7,EPIC-704,compatibility,Migration engineer,"The system shall support side-by-side shadow execution that suppresses, mocks or idempotently isolates external side effects.",Black-box differential and migration fixture tests,Kestra v1.3.30 public behavior and architecture parity baseline
URS-F-0734,Functional,Must,Proposed,M7,7,EPIC-705,community,Contributor,"The system shall publish conceptual, tutorial, how-to, reference and operations documentation from versioned source.",Documentation build and external contributor usability test,Kestra v1.3.30 public behavior and architecture parity baseline
URS-F-0735,Functional,Must,Proposed,M7,7,EPIC-705,community,Contributor,"The system shall document every public API, CLI command, configuration field, DSL construct and plugin interface.",Documentation build and external contributor usability test,Kestra v1.3.30 public behavior and architecture parity baseline
URS-F-0736,Functional,Must,Proposed,M7,7,EPIC-705,community,Contributor,"The system shall provide runnable examples for data, infrastructure, software, approval and AI workflows.",Documentation build and external contributor usability test,Kestra v1.3.30 public behavior and architecture parity baseline
URS-F-0737,Functional,Must,Proposed,M7,7,EPIC-705,community,Contributor,"The system shall maintain contribution, review, release, security, code-of-conduct and governance policies.",Documentation build and external contributor usability test,Kestra v1.3.30 public behavior and architecture parity baseline
URS-F-0738,Functional,Must,Proposed,M7,7,EPIC-705,community,Contributor,"The system shall define maintainer roles, decision process, roadmap process and conflict resolution.",Documentation build and external contributor usability test,Kestra v1.3.30 public behavior and architecture parity baseline
URS-F-0739,Functional,Must,Proposed,M7,7,EPIC-705,community,Contributor,"The system shall publish compatibility, support, deprecation and LTS matrices.",Documentation build and external contributor usability test,Kestra v1.3.30 public behavior and architecture parity baseline
URS-F-0740,Functional,Must,Proposed,M7,7,EPIC-705,community,Contributor,The system shall test documentation code samples and links in CI.,Documentation build and external contributor usability test,Kestra v1.3.30 public behavior and architecture parity baseline
URS-F-0741,Functional,Must,Proposed,M7,7,EPIC-705,community,Contributor,"The system shall provide issue triage, discussion and plugin contribution templates.",Documentation build and external contributor usability test,Kestra v1.3.30 public behavior and architecture parity baseline
URS-F-0742,Functional,Must,Proposed,M7,7,EPIC-706,quality,Maintainer,"The system shall maintain disposable integration environments for databases, queues, object stores, identity providers and Kubernetes.",Release-gate evidence review,Kestra v1.3.30 public behavior and architecture parity baseline
URS-F-0743,Functional,Must,Proposed,M7,7,EPIC-706,quality,Maintainer,The system shall run nightly and release-candidate suites separately from fast pull-request tests.,Release-gate evidence review,Kestra v1.3.30 public behavior and architecture parity baseline
URS-F-0744,Functional,Must,Proposed,M7,7,EPIC-706,quality,Maintainer,"The system shall record service versions, configuration, test artifacts and flaky-test ownership.",Release-gate evidence review,Kestra v1.3.30 public behavior and architecture parity baseline
URS-F-0745,Functional,Must,Proposed,M7,7,EPIC-706,quality,Maintainer,"The system shall test upgrade, backup, restore, network partition, credential rotation and certificate rotation scenarios.",Release-gate evidence review,Kestra v1.3.30 public behavior and architecture parity baseline
URS-F-0746,Functional,Must,Proposed,M7,7,EPIC-706,quality,Maintainer,The system shall provide public conformance results for certified plugins and reference deployments.,Release-gate evidence review,Kestra v1.3.30 public behavior and architecture parity baseline
URS-F-0747,Functional,Must,Proposed,M7,7,EPIC-706,quality,Maintainer,The system shall protect integration credentials and isolate test tenants and cloud accounts.,Release-gate evidence review,Kestra v1.3.30 public behavior and architecture parity baseline
URS-F-0748,Functional,Must,Proposed,M7,7,EPIC-706,quality,Maintainer,The system shall cap spend and clean up leaked resources automatically.,Release-gate evidence review,Kestra v1.3.30 public behavior and architecture parity baseline
URS-F-0749,Functional,Must,Proposed,M7,7,EPIC-706,quality,Maintainer,The system shall block GA releases on unresolved critical certification failures.,Release-gate evidence review,Kestra v1.3.30 public behavior and architecture parity baseline
URS-F-0750,Functional,Must,Proposed,M8,8,EPIC-800,differentiation,Workflow author,The system shall compile a flow revision into an expanded execution plan using supplied sample inputs and trigger context.,Feature-specific end-to-end and policy tests,AMESH differentiator; not a Kestra-parity claim
URS-F-0751,Functional,Must,Proposed,M8,8,EPIC-800,differentiation,Workflow author,"The system shall evaluate expressions, conditions, task graph, retries, concurrency keys and policy decisions in simulation mode.",Feature-specific end-to-end and policy tests,AMESH differentiator; not a Kestra-parity claim
URS-F-0752,Functional,Must,Proposed,M8,8,EPIC-800,differentiation,Workflow author,"The system shall replace external tasks with declared mocks, recorded fixtures or schema-only placeholders.",Feature-specific end-to-end and policy tests,AMESH differentiator; not a Kestra-parity claim
URS-F-0753,Functional,Must,Proposed,M8,8,EPIC-800,differentiation,Workflow author,"The system shall estimate task count, critical path, runner demand, storage, API calls and cost where models exist.",Feature-specific end-to-end and policy tests,AMESH differentiator; not a Kestra-parity claim
URS-F-0754,Functional,Must,Proposed,M8,8,EPIC-800,differentiation,Workflow author,The system shall show unknown or nondeterministic behavior explicitly rather than fabricating results.,Feature-specific end-to-end and policy tests,AMESH differentiator; not a Kestra-parity claim
URS-F-0755,Functional,Must,Proposed,M8,8,EPIC-800,differentiation,Workflow author,The system shall compare simulation plans between flow revisions and plugin sets.,Feature-specific end-to-end and policy tests,AMESH differentiator; not a Kestra-parity claim
URS-F-0756,Functional,Must,Proposed,M8,8,EPIC-800,differentiation,Workflow author,The system shall sign simulation evidence used by promotion gates.,Feature-specific end-to-end and policy tests,AMESH differentiator; not a Kestra-parity claim
URS-F-0757,Functional,Must,Proposed,M8,8,EPIC-800,differentiation,Workflow author,The system shall keep simulator semantics versioned and conformance-tested against the real reducer.,Feature-specific end-to-end and policy tests,AMESH differentiator; not a Kestra-parity claim
URS-F-0758,Functional,Must,Proposed,M8,8,EPIC-801,differentiation,Workflow author,The system shall generate draft flows from natural-language intent using installed plugin schemas and organization examples.,Feature-specific end-to-end and policy tests,AMESH differentiator; not a Kestra-parity claim
URS-F-0759,Functional,Must,Proposed,M8,8,EPIC-801,differentiation,Workflow author,"The system shall explain flow behavior, expressions, validation errors and execution failures with cited platform evidence.",Feature-specific end-to-end and policy tests,AMESH differentiator; not a Kestra-parity claim
URS-F-0760,Functional,Must,Proposed,M8,8,EPIC-801,differentiation,Workflow author,The system shall propose minimal patches as reviewable diffs rather than silently mutating active flows.,Feature-specific end-to-end and policy tests,AMESH differentiator; not a Kestra-parity claim
URS-F-0761,Functional,Must,Proposed,M8,8,EPIC-801,differentiation,Workflow author,"The system shall run validation, simulation and unit tests before presenting a proposed change.",Feature-specific end-to-end and policy tests,AMESH differentiator; not a Kestra-parity claim
URS-F-0762,Functional,Must,Proposed,M8,8,EPIC-801,differentiation,Workflow author,"The system shall respect tenant, namespace, plugin, secret and data-access permissions during retrieval and tool use.",Feature-specific end-to-end and policy tests,AMESH differentiator; not a Kestra-parity claim
URS-F-0763,Functional,Must,Proposed,M8,8,EPIC-801,differentiation,Workflow author,"The system shall record model, prompt, context sources, tool calls, cost and user acceptance or rejection.",Feature-specific end-to-end and policy tests,AMESH differentiator; not a Kestra-parity claim
URS-F-0764,Functional,Must,Proposed,M8,8,EPIC-801,differentiation,Workflow author,The system shall require human or policy approval before deployment or high-impact execution actions.,Feature-specific end-to-end and policy tests,AMESH differentiator; not a Kestra-parity claim
URS-F-0765,Functional,Must,Proposed,M8,8,EPIC-801,differentiation,Workflow author,The system shall support provider-neutral models and complete disablement without reducing core platform functionality.,Feature-specific end-to-end and policy tests,AMESH differentiator; not a Kestra-parity claim
URS-F-0766,Functional,Must,Proposed,M8,8,EPIC-802,differentiation,Security engineer,"The system shall evaluate policies when validating, saving, promoting, launching and dispatching workflows.",Feature-specific end-to-end and policy tests,AMESH differentiator; not a Kestra-parity claim
URS-F-0767,Functional,Must,Proposed,M8,8,EPIC-802,differentiation,Security engineer,"The system shall provide structured policy input for actor, tenant, namespace, flow, plugin, runner, image, secret, network and resource context.",Feature-specific end-to-end and policy tests,AMESH differentiator; not a Kestra-parity claim
URS-F-0768,Functional,Must,Proposed,M8,8,EPIC-802,differentiation,Security engineer,"The system shall support deny, warn, mutate-default and require-approval outcomes.",Feature-specific end-to-end and policy tests,AMESH differentiator; not a Kestra-parity claim
URS-F-0769,Functional,Must,Proposed,M8,8,EPIC-802,differentiation,Security engineer,The system shall use an open policy engine or documented declarative rule format.,Feature-specific end-to-end and policy tests,AMESH differentiator; not a Kestra-parity claim
URS-F-0770,Functional,Must,Proposed,M8,8,EPIC-802,differentiation,Security engineer,The system shall version policies and pin decisions to policy revisions.,Feature-specific end-to-end and policy tests,AMESH differentiator; not a Kestra-parity claim
URS-F-0771,Functional,Must,Proposed,M8,8,EPIC-802,differentiation,Security engineer,The system shall test policies with fixtures and explain matched rules and evidence.,Feature-specific end-to-end and policy tests,AMESH differentiator; not a Kestra-parity claim
URS-F-0772,Functional,Must,Proposed,M8,8,EPIC-802,differentiation,Security engineer,The system shall bound evaluation time and fail safely according to policy criticality.,Feature-specific end-to-end and policy tests,AMESH differentiator; not a Kestra-parity claim
URS-F-0773,Functional,Must,Proposed,M8,8,EPIC-802,differentiation,Security engineer,The system shall record every enforcement decision in audit history and execution metadata.,Feature-specific end-to-end and policy tests,AMESH differentiator; not a Kestra-parity claim
URS-F-0774,Functional,Must,Proposed,M8,8,EPIC-803,differentiation,Platform operator,"The system shall register regional or edge worker pools with capabilities, trust domain, connectivity and data-residency labels.",Feature-specific end-to-end and policy tests,AMESH differentiator; not a Kestra-parity claim
URS-F-0775,Functional,Must,Proposed,M8,8,EPIC-803,differentiation,Platform operator,The system shall route task runs by policy without exposing private service credentials to the central control plane.,Feature-specific end-to-end and policy tests,AMESH differentiator; not a Kestra-parity claim
URS-F-0776,Functional,Must,Proposed,M8,8,EPIC-803,differentiation,Platform operator,The system shall tolerate intermittent worker connectivity through durable local queues and bounded offline leases.,Feature-specific end-to-end and policy tests,AMESH differentiator; not a Kestra-parity claim
URS-F-0777,Functional,Must,Proposed,M8,8,EPIC-803,differentiation,Platform operator,The system shall prevent stale disconnected workers from committing after ownership has moved.,Feature-specific end-to-end and policy tests,AMESH differentiator; not a Kestra-parity claim
URS-F-0778,Functional,Must,Proposed,M8,8,EPIC-803,differentiation,Platform operator,The system shall keep large task data on regional object storage with explicit transfer policy.,Feature-specific end-to-end and policy tests,AMESH differentiator; not a Kestra-parity claim
URS-F-0779,Functional,Must,Proposed,M8,8,EPIC-803,differentiation,Platform operator,The system shall replicate only required metadata and redact location-sensitive information.,Feature-specific end-to-end and policy tests,AMESH differentiator; not a Kestra-parity claim
URS-F-0780,Functional,Must,Proposed,M8,8,EPIC-803,differentiation,Platform operator,"The system shall report regional health, lag, capacity, data transfer and failover state.",Feature-specific end-to-end and policy tests,AMESH differentiator; not a Kestra-parity claim
URS-F-0781,Functional,Must,Proposed,M8,8,EPIC-803,differentiation,Platform operator,The system shall document unsupported active-active metadata semantics and consistency tradeoffs.,Feature-specific end-to-end and policy tests,AMESH differentiator; not a Kestra-parity claim
URS-F-0782,Functional,Must,Proposed,M8,8,EPIC-804,differentiation,Operator,"The system shall build one public source tree containing standalone, distributed, governance and administration features.",Feature-specific end-to-end and policy tests,AMESH differentiator; not a Kestra-parity claim
URS-F-0783,Functional,Must,Proposed,M8,8,EPIC-804,differentiation,Operator,The system shall avoid license-key checks or closed runtime dependencies for core production operation.,Feature-specific end-to-end and policy tests,AMESH differentiator; not a Kestra-parity claim
URS-F-0784,Functional,Must,Proposed,M8,8,EPIC-804,differentiation,Operator,The system shall publish complete source and reproducible build instructions for official artifacts.,Feature-specific end-to-end and policy tests,AMESH differentiator; not a Kestra-parity claim
URS-F-0785,Functional,Must,Proposed,M8,8,EPIC-804,differentiation,Operator,The system shall permit commercial support and hosted offerings without restricting self-hosted capability.,Feature-specific end-to-end and policy tests,AMESH differentiator; not a Kestra-parity claim
URS-F-0786,Functional,Must,Proposed,M8,8,EPIC-804,differentiation,Operator,"The system shall document optional trademark, certification or hosted-service boundaries separately from software rights.",Feature-specific end-to-end and policy tests,AMESH differentiator; not a Kestra-parity claim
URS-F-0787,Functional,Must,Proposed,M8,8,EPIC-804,differentiation,Operator,"The system shall make telemetry, update checks and external services opt-in or replaceable.",Feature-specific end-to-end and policy tests,AMESH differentiator; not a Kestra-parity claim
URS-F-0788,Functional,Must,Proposed,M8,8,EPIC-804,differentiation,Operator,The system shall publish a bill of materials showing the license of every distributed dependency.,Feature-specific end-to-end and policy tests,AMESH differentiator; not a Kestra-parity claim
URS-F-0789,Functional,Must,Proposed,M8,8,EPIC-804,differentiation,Operator,The system shall maintain a contributor certificate or developer certificate process appropriate to the selected governance model.,Feature-specific end-to-end and policy tests,AMESH differentiator; not a Kestra-parity claim
URS-F-0790,Functional,Must,Proposed,M8,8,EPIC-805,quality,Maintainer,The system shall close or explicitly waive every Must requirement with named owner and rationale.,Release-gate evidence review,AMESH differentiator; not a Kestra-parity claim
URS-F-0791,Functional,Must,Proposed,M8,8,EPIC-805,quality,Maintainer,"The system shall pass security, performance, accessibility, upgrade, backup, restore, chaos and conformance release gates.",Release-gate evidence review,AMESH differentiator; not a Kestra-parity claim
URS-F-0792,Functional,Must,Proposed,M8,8,EPIC-805,quality,Maintainer,"The system shall publish support, compatibility, deprecation, LTS and vulnerability response policies.",Release-gate evidence review,AMESH differentiator; not a Kestra-parity claim
URS-F-0793,Functional,Must,Proposed,M8,8,EPIC-805,quality,Maintainer,The system shall complete at least two independent production-like reference deployments.,Release-gate evidence review,AMESH differentiator; not a Kestra-parity claim
URS-F-0794,Functional,Must,Proposed,M8,8,EPIC-805,quality,Maintainer,"The system shall prove recovery from worker, executor, scheduler, PostgreSQL queue, projection and object-storage disruptions.",Release-gate evidence review,AMESH differentiator; not a Kestra-parity claim
URS-F-0795,Functional,Must,Proposed,M8,8,EPIC-805,quality,Maintainer,"The system shall verify documentation, installation, rollback and disaster-recovery procedures with participants outside the core implementation team.",Release-gate evidence review,AMESH differentiator; not a Kestra-parity claim
URS-F-0796,Functional,Must,Proposed,M8,8,EPIC-805,quality,Maintainer,The system shall publish known limitations and parity gaps without misleading compatibility claims.,Release-gate evidence review,AMESH differentiator; not a Kestra-parity claim
URS-F-0797,Functional,Must,Proposed,M8,8,EPIC-805,quality,Maintainer,"The system shall freeze public API, event, DSL and plugin contracts for the supported major release.",Release-gate evidence review,AMESH differentiator; not a Kestra-parity claim
URS-F-0798,Functional,Must,Proposed,M0,0,EPIC-011,engineering,AI engineering lead,"The system shall represent every implementation assignment as a requirement-linked machine-readable work item with scope, dependencies, allowed files and acceptance evidence.","AI engineering workflow, isolation and evidence-gate tests",AMESH engineering differentiator; not a Kestra-parity claim
URS-F-0799,Functional,Must,Proposed,M0,0,EPIC-011,engineering,AI engineering lead,"The system shall assign architect, implementer, test engineer, reviewer and verifier roles using independent task contexts.","AI engineering workflow, isolation and evidence-gate tests",AMESH engineering differentiator; not a Kestra-parity claim
URS-F-0800,Functional,Must,Proposed,M0,0,EPIC-011,engineering,AI engineering lead,The system shall confine AI changes to isolated branches or worktrees and prevent direct writes to protected release branches.,"AI engineering workflow, isolation and evidence-gate tests",AMESH engineering differentiator; not a Kestra-parity claim
URS-F-0801,Functional,Must,Proposed,M0,0,EPIC-011,engineering,AI engineering lead,"The system shall require every AI-authored pull request to record changed requirement IDs, implementation plan, risk, provenance and test evidence.","AI engineering workflow, isolation and evidence-gate tests",AMESH engineering differentiator; not a Kestra-parity claim
URS-F-0802,Functional,Must,Proposed,M0,0,EPIC-011,engineering,AI engineering lead,The system shall prohibit an implementation agent from approving or being the sole verifier of its own change.,"AI engineering workflow, isolation and evidence-gate tests",AMESH engineering differentiator; not a Kestra-parity claim
URS-F-0803,Functional,Must,Proposed,M0,0,EPIC-011,engineering,AI engineering lead,The system shall execute AI-generated builds and tests in ephemeral least-privilege environments without production credentials.,"AI engineering workflow, isolation and evidence-gate tests",AMESH engineering differentiator; not a Kestra-parity claim
URS-F-0804,Functional,Must,Proposed,M0,0,EPIC-011,engineering,AI engineering lead,"The system shall apply explicit token, cost, retry and elapsed-time budgets to engineering agents and escalate exhausted work with evidence.","AI engineering workflow, isolation and evidence-gate tests",AMESH engineering differentiator; not a Kestra-parity claim
URS-F-0805,Functional,Must,Proposed,M0,0,EPIC-011,engineering,AI engineering lead,"The system shall generate a signed evidence bundle containing reviews, test results, compatibility results, schemas, SBOM and traceability before release.","AI engineering workflow, isolation and evidence-gate tests",AMESH engineering differentiator; not a Kestra-parity claim
URS-F-0806,Functional,Must,Proposed,M8,8,EPIC-806,differentiation,AI workflow developer,"The system shall define versioned agent resources containing model routing, instructions, tools, skills, memory policy, permissions, budgets and evaluation policy.","Agent mesh state, budget, policy, failover and evaluation end-to-end tests",AMESH Agent Mesh differentiator; not a Kestra-parity claim
URS-F-0807,Functional,Must,Proposed,M8,8,EPIC-806,differentiation,AI workflow developer,"The system shall pin resolved agent, model-policy, tool and prompt revisions to every agent session and workflow execution.","Agent mesh state, budget, policy, failover and evaluation end-to-end tests",AMESH Agent Mesh differentiator; not a Kestra-parity claim
URS-F-0808,Functional,Must,Proposed,M8,8,EPIC-806,differentiation,AI workflow developer,"The system shall support supervisor, router, peer-to-peer, hierarchical and swarm mesh topologies without creating a second execution engine.","Agent mesh state, budget, policy, failover and evaluation end-to-end tests",AMESH Agent Mesh differentiator; not a Kestra-parity claim
URS-F-0809,Functional,Must,Proposed,M8,8,EPIC-806,differentiation,AI workflow developer,"The system shall persist agent sessions, messages, tool calls, hand-offs, checkpoints and approvals as durable execution evidence.","Agent mesh state, budget, policy, failover and evaluation end-to-end tests",AMESH Agent Mesh differentiator; not a Kestra-parity claim
URS-F-0810,Functional,Must,Proposed,M8,8,EPIC-806,differentiation,AI workflow developer,"The system shall validate agent-to-agent hand-offs against typed schemas and preserve source, destination, rationale and context provenance.","Agent mesh state, budget, policy, failover and evaluation end-to-end tests",AMESH Agent Mesh differentiator; not a Kestra-parity claim
URS-F-0811,Functional,Must,Proposed,M8,8,EPIC-806,differentiation,AI workflow developer,"The system shall route work by declared capability, policy, cost, latency, availability and evaluation score with an explainable decision record.","Agent mesh state, budget, policy, failover and evaluation end-to-end tests",AMESH Agent Mesh differentiator; not a Kestra-parity claim
URS-F-0812,Functional,Must,Proposed,M8,8,EPIC-806,differentiation,AI workflow developer,"The system shall provide isolated private memory and policy-controlled shared memory with retention, redaction, size and tenant boundaries.","Agent mesh state, budget, policy, failover and evaluation end-to-end tests",AMESH Agent Mesh differentiator; not a Kestra-parity claim
URS-F-0813,Functional,Must,Proposed,M8,8,EPIC-806,differentiation,AI workflow developer,"The system shall enforce loop, recursion, concurrency, token, cost, duration and tool-call limits with circuit breakers.","Agent mesh state, budget, policy, failover and evaluation end-to-end tests",AMESH Agent Mesh differentiator; not a Kestra-parity claim
URS-F-0814,Functional,Must,Proposed,M8,8,EPIC-806,differentiation,AI workflow developer,"The system shall require policy or human approval before agents invoke high-impact tools, move sensitive data or exceed delegated authority.","Agent mesh state, budget, policy, failover and evaluation end-to-end tests",AMESH Agent Mesh differentiator; not a Kestra-parity claim
URS-F-0815,Functional,Must,Proposed,M8,8,EPIC-806,differentiation,AI workflow developer,"The system shall provide provider-neutral model adapters, fallback policies and migration diagnostics without changing workflow semantics silently.","Agent mesh state, budget, policy, failover and evaluation end-to-end tests",AMESH Agent Mesh differentiator; not a Kestra-parity claim
URS-F-0816,Functional,Must,Proposed,M8,8,EPIC-806,differentiation,AI workflow developer,"The system shall evaluate agent and mesh outcomes against versioned tests, rubrics, judges and business assertions.","Agent mesh state, budget, policy, failover and evaluation end-to-end tests",AMESH Agent Mesh differentiator; not a Kestra-parity claim
URS-F-0817,Functional,Must,Proposed,M8,8,EPIC-806,differentiation,AI workflow developer,The system shall resume an interrupted mesh from a durable checkpoint while disclosing which model outputs cannot be reproduced deterministically.,"Agent mesh state, budget, policy, failover and evaluation end-to-end tests",AMESH Agent Mesh differentiator; not a Kestra-parity claim
URS-F-0818,Functional,Must,Proposed,M8,8,EPIC-806,differentiation,AI workflow developer,"The system shall expose approved workflows, agents and tools through authenticated MCP and other versioned agent-protocol adapters.","Agent mesh state, budget, policy, failover and evaluation end-to-end tests",AMESH Agent Mesh differentiator; not a Kestra-parity claim
URS-F-0819,Functional,Must,Proposed,M8,8,EPIC-806,differentiation,AI workflow developer,"The system shall interleave agent sessions, ordinary tasks and human approval tasks in one state machine, timeline and audit trail.","Agent mesh state, budget, policy, failover and evaluation end-to-end tests",AMESH Agent Mesh differentiator; not a Kestra-parity claim
URS-F-0820,Functional,Must,Proposed,M7,7,EPIC-704,compatibility,Migration engineer,"The system shall provide a version-pinned REST compatibility façade matching declared paths, methods, schemas, pagination, status codes and error classes.","Black-box differential API, CLI, expression and import/export conformance tests",Kestra v1.3.30 public behavior and architecture parity baseline
URS-F-0821,Functional,Must,Proposed,M7,7,EPIC-704,compatibility,Migration engineer,"The system shall provide a version-pinned CLI compatibility mode matching declared commands, flags, exit codes and machine-readable output.","Black-box differential API, CLI, expression and import/export conformance tests",Kestra v1.3.30 public behavior and architecture parity baseline
URS-F-0822,Functional,Must,Proposed,M7,7,EPIC-704,compatibility,Migration engineer,"The system shall match declared Pebble parsing, escaping, functions, filters, null behavior and error behavior through differential expression fixtures.","Black-box differential API, CLI, expression and import/export conformance tests",Kestra v1.3.30 public behavior and architecture parity baseline
URS-F-0823,Functional,Must,Proposed,M7,7,EPIC-704,compatibility,Migration engineer,The system shall import and export every documented bundle type in the declared compatibility surface without silent information loss.,"Black-box differential API, CLI, expression and import/export conformance tests",Kestra v1.3.30 public behavior and architecture parity baseline
URS-F-0824,Functional,Must,Proposed,M7,7,EPIC-704,compatibility,Migration engineer,"The system shall publish a machine-readable compatibility manifest naming the target version, tested surfaces, evidence and unresolved gaps.","Black-box differential API, CLI, expression and import/export conformance tests",Kestra v1.3.30 public behavior and architecture parity baseline
URS-F-0825,Functional,Must,Proposed,M7,7,EPIC-704,compatibility,Migration engineer,"The system shall block a full-compatibility release claim when any Must surface remains approximate, unknown or untested.","Black-box differential API, CLI, expression and import/export conformance tests",Kestra v1.3.30 public behavior and architecture parity baseline
URS-F-0826,Functional,Must,Proposed,M6,6,EPIC-606,operations,Operator,"The system shall provide an on-premises Kubernetes reference deployment with no mandatory public-cloud control plane, managed database, managed object store, hosted telemetry service or license server.","On-premises Kubernetes installation, upgrade and failure-recovery tests",AMESH deployment decision; not a Kestra-parity claim
URS-F-0827,Functional,Must,Proposed,M6,6,EPIC-606,operations,Operator,"The system shall support disconnected installation and upgrade from a signed offline bundle containing images, Helm charts, custom-resource definitions, migrations, SBOMs, provenance and operator documentation.",Air-gapped bundle installation and upgrade tests,AMESH deployment decision; not a Kestra-parity claim
URS-F-0828,Functional,Must,Proposed,M6,6,EPIC-606,operations,Operator,The system shall validate the reference Helm deployment against upstream Kubernetes and at least one common on-premises distribution using external PostgreSQL and S3-compatible storage.,Cross-distribution Kubernetes conformance and upgrade tests,AMESH deployment decision; not a Kestra-parity claim
URS-F-0829,Functional,Must,Proposed,M7,7,EPIC-704,compatibility,Migration engineer,"The system shall import and export users, groups, roles, bindings, service accounts, tenants, namespaces, system configuration, plugin inventory and audit configuration through versioned migration bundles.",Full-fidelity identity and governance migration fixtures,AMESH full-migration decision applied to the pinned compatibility surface
URS-F-0830,Functional,Must,Proposed,M7,7,EPIC-704,compatibility,Migration engineer,"The system shall migrate historical executions, task runs, state events, logs, metrics, artifacts and audit evidence while preserving chronology, provenance and tenant boundaries.","Historical execution, log, artifact and audit migration fixtures",AMESH full-migration decision applied to the pinned compatibility surface
URS-F-0831,Functional,Must,Proposed,M7,7,EPIC-704,compatibility,Migration engineer,"The system shall generate a stable source-to-target identifier map and validate referential integrity across resources, revisions, executions, task runs, logs, artifacts and audit records.","Identifier-mapping, collision and referential-integrity tests",AMESH full-migration decision applied to the pinned compatibility surface
URS-F-0832,Functional,Must,Proposed,M7,7,EPIC-704,compatibility,Migration engineer,"The system shall perform migration as a dry-runnable, resumable and idempotent side-by-side process with checkpoints, checksums, reconciliation reports and an explicit cutover or rollback plan.","Interrupted, repeated and rolled-back migration end-to-end tests",AMESH full-migration decision applied to the pinned compatibility surface
URS-F-0833,Functional,Must,Proposed,M7,7,EPIC-704,compatibility,Migration engineer,"The system shall migrate secret references, provider metadata and required bindings without extracting secret plaintext, and shall block cutover when mandatory references remain unresolved.","Secret-reference migration, redaction and unresolved-binding tests",AMESH full-migration decision applied to the pinned compatibility surface
URS-F-0834,Functional,Must,Proposed,M6,6,EPIC-612,security,Security engineer,"The system shall maintain a versioned machine-readable crosswalk from applicable SOC 2 Trust Services Criteria and ISO/IEC 27001 controls to owners, requirements, implementations, tests, evidence sources and recorded gaps.",Compliance control-crosswalk schema and completeness tests,AMESH compliance-readiness decision; not a certification claim
URS-F-0835,Functional,Must,Proposed,M5,5,EPIC-504,governance,Auditor,"The system shall generate scoped compliance evidence packages containing access reviews, change evidence, audit records, backup and restore evidence, vulnerability results, incident records and provenance without exposing protected values.","Compliance evidence export, redaction and authorization tests",AMESH compliance-readiness decision; not a certification claim
URS-F-0836,Functional,Must,Proposed,M0,0,EPIC-011,engineering,AI engineering lead,The system shall allow a normal protected-branch change to merge only after deterministic gates pass and a configured quorum of independent review and verification agents approves it.,"AI merge-policy, quorum and evidence-replay tests",AMESH engineering-governance decision; not a Kestra-parity claim
URS-F-0837,Functional,Must,Proposed,M0,0,EPIC-011,engineering,AI engineering lead,"The system shall require named human approval for security-sensitive changes, licensing or governance changes, destructive production migrations and every stable release.",Protected-branch and release-authority policy tests,AMESH engineering-governance decision; not a Kestra-parity claim
URS-NFR-AGENT-001,Non-functional,Must,Proposed,,,EPIC-806,agent-runtime,All users and operators,"Agent and mesh budgets shall be enforced by the platform independently of model compliance. Target: No test mesh exceeds its configured hard cost, token, duration or tool-call limit beyond one explicitly bounded in-flight operation.",Adversarial runaway-loop and concurrent tool-call tests.,AMESH quality attribute
URS-NFR-AGENT-002,Non-functional,Must,Proposed,,,EPIC-806,agent-runtime,All users and operators,"Every agent message, routing decision, tool call, hand-off, approval and model response shall be traceable to pinned policy and execution context. Target: All catalogued mesh scenarios produce a complete provenance graph with no orphan tool effects.",Provenance graph completeness tests.,AMESH quality attribute
URS-NFR-AGENT-003,Non-functional,Must,Proposed,,,EPIC-806,agent-runtime,All users and operators,"Agent memory, tools and credentials shall be isolated by tenant, namespace, execution and delegated capability. Target: Zero cross-boundary disclosure or unauthorised tool invocation in adversarial mesh tests.","Cross-tenant, prompt-injection and capability-confusion tests.",AMESH quality attribute
URS-NFR-AGENT-004,Non-functional,Must,Proposed,,,EPIC-806,agent-runtime,All users and operators,Core mesh state and policy shall remain usable when a model provider is disabled or replaced. Target: Reference meshes migrate between two conforming model adapters with documented output nondeterminism and no state-schema change.,Provider substitution and outage tests.,AMESH quality attribute
URS-NFR-AIENGINEERING-001,Non-functional,Must,Proposed,,,EPIC-011,ai-engineering,All users and operators,"Every AI-authored production change shall receive review and verification from agents that did not implement the change. Target: 100% of protected-branch changes contain distinct implementer, reviewer and verifier identities.",Repository policy and pull-request evidence audit.,AMESH quality attribute
URS-NFR-AIENGINEERING-002,Non-functional,Must,Proposed,,,EPIC-011,ai-engineering,All users and operators,"AI contributions shall preserve model, tool, input-source and artifact provenance without storing secrets or prohibited source material. Target: 100% of AI-authored pull requests and releases have a valid provenance record and pass clean-room scans.","Provenance-schema, secret-scan and clean-room gate tests.",AMESH quality attribute
URS-NFR-AIENGINEERING-003,Non-functional,Must,Proposed,,,EPIC-011,ai-engineering,All users and operators,Engineering agents shall operate with least privilege and shall not receive production credentials or unreviewed default-branch write access. Target: Zero production credentials in agent sandboxes and zero direct protected-branch mutations in policy tests.,Credential canary and branch-protection integration tests.,AMESH quality attribute
URS-NFR-AIENGINEERING-004,Non-functional,Must,Proposed,,,EPIC-011,ai-engineering,All users and operators,Merge and release eligibility shall be computed from reproducible policy and evidence rather than model confidence. Target: Repeated evaluation of the same evidence bundle produces the same eligibility result.,Golden evidence-bundle and policy replay tests.,AMESH quality attribute
URS-NFR-AVAILABILITY-001,Non-functional,Must,Proposed,,,EPIC-600;EPIC-602,availability,All users and operators,A production compact deployment shall support a documented high-availability topology. Target: At least 99.9% monthly control-plane availability excluding declared maintenance.,Reference topology soak test and SLO calculation.,AMESH quality attribute
URS-NFR-AVAILABILITY-002,Non-functional,Must,Proposed,,,EPIC-601;EPIC-603,availability,All users and operators,The distributed topology shall tolerate loss of any one stateless service instance without operator intervention. Target: No accepted work lost; service recovers within 60 seconds of instance loss.,Multi-replica chaos and zone-spread tests.,AMESH quality attribute
URS-NFR-AVAILABILITY-003,Non-functional,Must,Proposed,,,EPIC-609;EPIC-805,availability,All users and operators,The first stable release and later hardened profiles shall have documented and tested recovery point and recovery time objectives. Target: First stable release gate: RPO <= 48 hours and RTO <= 8 hours. Post-GA hardened reference target: RPO <= 4 hours and RTO <= 4 hours; the tighter target is not a v1 release blocker.,"Isolated restore exercise on the on-premises Kubernetes reference topology, with measured data-loss window and service-restoration time.",AMESH quality attribute
URS-NFR-AVAILABILITY-004,Non-functional,Must,Proposed,,,EPIC-509;EPIC-601;EPIC-610,availability,All users and operators,Planned maintenance and rolling upgrades shall drain or transfer owned work without silent loss. Target: Zero lost accepted work and no more than one configured scheduling-delay window.,Upgrade and drain conformance suite.,AMESH quality attribute
URS-NFR-COMPLIANCE-001,Non-functional,Must,Proposed,,,EPIC-504;EPIC-612;EPIC-805,compliance,All users and operators,"The architecture, operating procedures and evidence model shall be designed for SOC 2 and ISO/IEC 27001 readiness without representing readiness as certification. Target: Before GA, every applicable control has a versioned mapping to an owner, implementation, evidence source, collection cadence, test and recorded gap; certification itself is outside the v1 release gate.",Control-crosswalk validation and sample evidence-package review by an independent security or compliance reviewer.,AMESH quality attribute
URS-NFR-MAINTAINABILITY-001,Non-functional,Must,In Progress,,,EPIC-001;EPIC-007;EPIC-009;EPIC-010,maintainability,All users and operators,"Core domain and reducer logic shall not depend directly on web frameworks, PostgreSQL claim mechanics, search projections or object-storage SDKs. Target: Architecture dependency tests enforce allowed module directions.",Static architecture test in CI.,AMESH quality attribute
URS-NFR-MAINTAINABILITY-002,Non-functional,Must,In Progress,,,EPIC-004;EPIC-300;EPIC-400;EPIC-610,maintainability,All users and operators,"Public DSL, API, event and plugin contracts shall follow documented semantic-versioning and deprecation rules. Target: No breaking contract change enters a minor or patch release without an approved exception.",Automated schema and API compatibility checks.,AMESH quality attribute
URS-NFR-MAINTAINABILITY-003,Non-functional,Must,In Progress,,,EPIC-008;EPIC-610,maintainability,All users and operators,"Schema, event and resource migrations shall be repeatable and produce the same canonical result. Target: Repeated migration fixtures produce identical checksums.",Migration golden tests.,AMESH quality attribute
URS-NFR-MAINTAINABILITY-004,Non-functional,Must,Proposed,,,EPIC-001;EPIC-805,maintainability,All users and operators,"Every epic shall include unit, contract, integration or end-to-end evidence appropriate to its risk. Target: All Must requirements have at least one linked automated or manual verification record before GA.",Traceability validator and release gate.,AMESH quality attribute
URS-NFR-MAINTAINABILITY-005,Non-functional,Must,Proposed,,,EPIC-001;EPIC-402;EPIC-705,maintainability,All users and operators,"Generated schemas, SDKs, documentation, traceability files and issue bodies shall be reproducible and checked for drift. Target: Repository validation produces no uncommitted generated changes.",CI regeneration and clean-tree check.,AMESH quality attribute
URS-NFR-MAINTAINABILITY-006,Non-functional,Must,Proposed,,,EPIC-001;EPIC-612,maintainability,All users and operators,"Runtime dependencies shall have declared owners, update policy and license compatibility. Target: No unknown-license dependency and no unwaived critical known vulnerability in a release.",Dependency and license scanning.,AMESH quality attribute
URS-NFR-OPERABILITY-001,Non-functional,Must,Proposed,,,EPIC-600;EPIC-601;EPIC-606,operability,All users and operators,"Each service shall expose distinct liveness, readiness and detailed dependency health. Target: Reference orchestrator removes unready instances without restarting healthy but degraded processes unnecessarily.",Kubernetes and Compose health tests.,AMESH quality attribute
URS-NFR-OPERABILITY-002,Non-functional,Must,Proposed,,,EPIC-607,operability,All users and operators,"Operational metrics shall avoid unbounded tenant, flow, execution and task identifiers by default. Target: Metric cardinality remains within published limits under the standard scale test.",Telemetry cardinality audit.,AMESH quality attribute
URS-NFR-OPERABILITY-003,Non-functional,Must,Proposed,,,EPIC-607;EPIC-705,operability,All users and operators,"Reference alerts shall include symptom, likely causes, impact and runbook link. Target: All GA SLO alerts pass alert-quality review and simulated firing tests.",Alert fixture and runbook audit.,AMESH quality attribute
URS-NFR-OPERABILITY-004,Non-functional,Must,Proposed,,,EPIC-003;EPIC-607;EPIC-612,operability,All users and operators,Administrators shall be able to generate a redacted diagnostic bundle without exposing secrets or unrelated tenant data. Target: Canary-secret and cross-tenant scans pass for generated bundles.,Security test with seeded sensitive data.,AMESH quality attribute
URS-NFR-OPERABILITY-005,Non-functional,Must,Proposed,,,EPIC-105;EPIC-601;EPIC-607,operability,All users and operators,"Operators shall see queue lag, worker capacity, admission pressure, database saturation, storage use and search lag. Target: All capacity signals are present in the reference dashboard and alert catalog.",Dashboard and telemetry contract tests.,AMESH quality attribute
URS-NFR-OPERABILITY-006,Non-functional,Must,Proposed,,,EPIC-610,operability,All users and operators,Every release containing irreversible migration or behavior change shall publish recovery and rollback guidance. Target: Release is blocked when migration classification lacks an operator procedure.,Release metadata validation.,AMESH quality attribute
URS-NFR-PERFORMANCE-001,Non-functional,Must,Proposed,,,EPIC-400;EPIC-409,performance,All users and operators,Common authenticated read and write APIs shall remain responsive at the standard reference scale. Target: Provisional target: p95 below 500 ms and p99 below 1.5 s excluding bulk exports and external dependencies.,Repeatable load test with 10 million retained execution records and realistic filters.,AMESH quality attribute
URS-NFR-PERFORMANCE-002,Non-functional,Must,Proposed,,,EPIC-100;EPIC-400,performance,All users and operators,Accepted execution launches shall become visible and eligible for orchestration promptly. Target: Provisional target: p95 below 2 seconds and p99 below 5 seconds in the standard profile.,End-to-end launch benchmark under mixed workload.,AMESH quality attribute
URS-NFR-PERFORMANCE-003,Non-functional,Must,Proposed,,,EPIC-102,performance,All users and operators,"Due schedules shall create occurrences within a bounded delay under supported load. Target: Provisional target: p99 within 5 seconds of due time, excluding declared catch-up throttling.",Virtual-clock and real-time scheduler benchmark.,AMESH quality attribute
URS-NFR-PERFORMANCE-004,Non-functional,Must,Proposed,,,EPIC-100;EPIC-101;EPIC-603,performance,All users and operators,The distributed reference profile shall sustain task dispatch and completion processing without unbounded lag. Target: Profile M target: 50 task starts per second sustained for 60 minutes with p95 dispatch latency below 3 seconds and no unbounded queue lag.,Published benchmark on a fixed reference topology.,AMESH quality attribute
URS-NFR-PERFORMANCE-005,Non-functional,Must,Proposed,,,EPIC-105;EPIC-601;EPIC-611,performance,All users and operators,"The distributed reference profile shall support large numbers of active executions and task runs. Target: Profile M target: 1,000 active task runs while accepting at least 100,000 executions over a 24-hour mixed-workload qualification run.",Soak test with mixed short and long tasks.,AMESH quality attribute
URS-NFR-PERFORMANCE-006,Non-functional,Must,Proposed,,,EPIC-203;EPIC-407,performance,All users and operators,"The engine and UI shall handle executions with very large expanded task graphs. Target: Provisional target: 100,000 task runs per execution with aggregated UI views and bounded memory.",Synthetic large-DAG and loop benchmark.,AMESH quality attribute
URS-NFR-PERFORMANCE-007,Non-functional,Must,Proposed,,,EPIC-111;EPIC-607,performance,All users and operators,"Log ingestion shall not block task completion and shall apply explicit overload policy. Target: Provisional target: 50,000 log records per second per standard cluster with bounded buffers.",Burst and sustained log-load test with exporter outage.,AMESH quality attribute
URS-NFR-PERFORMANCE-008,Non-functional,Must,Proposed,,,EPIC-010;EPIC-605,performance,All users and operators,Large artifact transfer shall use streaming and bounded memory. Target: A 10 GiB artifact transfers with less than 256 MiB process-memory growth per stream.,Storage adapter performance and memory profiling.,AMESH quality attribute
URS-NFR-PERFORMANCE-009,Non-functional,Must,Proposed,,,EPIC-601;EPIC-611,performance,All users and operators,Adding eligible service replicas shall increase throughput until a documented shared dependency becomes limiting. Target: At least 70% scaling efficiency from two to four replicas on the reference distributed workload.,Comparative scale-out benchmark.,AMESH quality attribute
URS-NFR-PERFORMANCE-010,Non-functional,Must,Proposed,,,EPIC-611;EPIC-805,performance,All users and operators,"The v1 distributed reference deployment shall qualify against the accepted profile M workload on the documented on-premises Kubernetes topology. Target: 100,000 executions per day, 1,000 active task runs, 50 sustained task starts per second and 10 million retained execution records.","Published 24-hour mixed-workload, retention-query and failure-recovery benchmark on a fixed bill of materials.",AMESH quality attribute
URS-NFR-PORTABILITY-001,Non-functional,Must,Proposed,,,EPIC-305;EPIC-804,portability,All users and operators,The self-hosted platform shall not require a proprietary control service or license server for any GA capability. Target: Air-gapped reference deployment passes the full core and governance acceptance suite.,Offline installation and test run.,AMESH quality attribute
URS-NFR-PORTABILITY-002,Non-functional,Must,Proposed,,,EPIC-606,portability,All users and operators,Official containers shall support linux/amd64 and linux/arm64. Target: Both architectures pass smoke and conformance tests for every stable release.,Multi-architecture release CI.,AMESH quality attribute
URS-NFR-PORTABILITY-003,Non-functional,Must,In Progress,,,EPIC-009;EPIC-010;EPIC-209;EPIC-409;EPIC-506,portability,All users and operators,"Core transport semantics shall be isolated from PostgreSQL claim mechanics, while object storage, secret providers, model providers and task runners shall use documented capability interfaces. Target: PostgreSQL remains the sole supported internal durable transport and metadata database; every backend category explicitly marked extensible passes its conformance suite.",Static architecture checks plus adapter contract tests for each extensible backend category.,AMESH quality attribute
URS-NFR-PRIVACY-001,Non-functional,Must,In Progress,,,EPIC-003;EPIC-404;EPIC-804,privacy,All users and operators,Product analytics and update checks shall be disabled by default or require an explicit informed opt-in. Target: No undeclared outbound connection occurs in the offline network test.,Network capture in a clean reference deployment.,AMESH quality attribute
URS-NFR-PRIVACY-002,Non-functional,Must,In Progress,,,EPIC-008;EPIC-504;EPIC-608,privacy,All users and operators,"The platform shall retain only data required by configured orchestration, audit and operational policy. Target: Data inventory maps every persisted field to purpose, retention and sensitivity.",Privacy and schema review.,AMESH quality attribute
URS-NFR-RELIABILITY-001,Non-functional,Must,In Progress,,,EPIC-007;EPIC-008;EPIC-009;EPIC-108,reliability,All users and operators,The platform shall not lose an accepted state-changing command after the API or durable PostgreSQL transport acknowledges it. Target: Zero lost acknowledged commands in crash-consistency and failover tests.,"Fault-injection tests that terminate services and PostgreSQL connections at every commit, claim and acknowledgement boundary.",AMESH quality attribute
URS-NFR-RELIABILITY-002,Non-functional,Must,In Progress,,,EPIC-007;EPIC-009;EPIC-100;EPIC-103,reliability,All users and operators,"The platform shall tolerate duplicate commands, events, trigger occurrences and task results without duplicate logical state transitions. Target: All conformance duplicate-injection scenarios produce one logical effect.",Property-based and integration tests with duplicate and reordered delivery.,AMESH quality attribute
URS-NFR-RELIABILITY-003,Non-functional,Must,In Progress,,,EPIC-101;EPIC-102;EPIC-601,reliability,All users and operators,"The platform shall prevent an expired scheduler, worker or service owner from committing after ownership transfers. Target: Zero accepted stale mutations in lease-expiry and partition tests.","Chaos tests with paused processes, network partitions and delayed completions.",AMESH quality attribute
URS-NFR-RELIABILITY-004,Non-functional,Must,Verified,,,EPIC-007;EPIC-100,reliability,All users and operators,The execution reducer shall produce the same canonical state from the same ordered event stream and reducer version. Target: Byte-equivalent canonical snapshots across 100 repeated replays and supported platforms.,Golden event-stream and property-based reducer tests.,AMESH quality attribute
URS-NFR-RELIABILITY-005,Non-functional,Must,Proposed,,,EPIC-401;EPIC-409;EPIC-604;EPIC-607,reliability,All users and operators,"Core orchestration shall continue when optional search, telemetry, outbound webhook or analytics services are unavailable. Target: New and running executions continue within documented latency budgets during optional-service outage tests.",Dependency isolation and outage integration tests.,AMESH quality attribute
URS-NFR-RELIABILITY-006,Non-functional,Must,Proposed,,,EPIC-010;EPIC-605;EPIC-609,reliability,All users and operators,All stored artifacts and imported bundles shall be protected by cryptographic checksums and corruption detection. Target: Every stored object has a verified checksum; corruption drills are detected before consumption.,Storage adapter conformance and corruption-injection tests.,AMESH quality attribute
URS-NFR-RELIABILITY-007,Non-functional,Must,Proposed,,,EPIC-108;EPIC-601,reliability,All users and operators,Automated reconciliation shall converge recoverable invariant violations without creating new violations. Target: Reference fault scenarios converge within 10 minutes after dependencies recover.,End-to-end recovery suite with invariant counters.,AMESH quality attribute
URS-NFR-RELIABILITY-008,Non-functional,Must,In Progress,,,EPIC-102;EPIC-104;EPIC-601,reliability,All users and operators,"Temporal decisions shall tolerate bounded clock skew and use monotonic time for local deadlines where possible. Target: Correct schedule, lease and timeout behavior with plus or minus 30 seconds node skew.",Virtual-clock and multi-node skew tests.,AMESH quality attribute
URS-NFR-SECURITY-001,Non-functional,Must,In Progress,,,EPIC-503;EPIC-604;EPIC-605,security,All users and operators,"No API, event, cache, log, metric, search, storage or plugin path shall expose one tenant's protected data to another. Target: Zero cross-tenant findings in adversarial isolation test suite and pre-GA penetration test.","Automated negative tests, database checks and independent penetration testing.",AMESH quality attribute
URS-NFR-SECURITY-002,Non-functional,Must,In Progress,,,EPIC-303;EPIC-501;EPIC-612,security,All users and operators,"Components, workers, plugins and runners shall receive only the identities and capabilities required for their role and current operation. Target: Reference deployments pass privilege review with no shared administrator credentials.",Threat-model review and deployment policy tests.,AMESH quality attribute
URS-NFR-SECURITY-003,Non-functional,Must,Proposed,,,EPIC-111;EPIC-205;EPIC-506;EPIC-607,security,All users and operators,"Secret plaintext shall not appear in persistent metadata, events, logs, metrics, traces, UI payloads or generated support bundles. Target: Zero seeded canary secrets detected across persisted and exported telemetry in the security suite.",Canary-secret scanning and redaction tests.,AMESH quality attribute
URS-NFR-SECURITY-004,Non-functional,Must,Proposed,,,EPIC-613,security,All users and operators,Production interfaces shall support modern TLS and authenticated internal transport where configured. Target: TLS 1.2 or newer; weak ciphers disabled in reference configurations.,Automated protocol scan and reference deployment test.,AMESH quality attribute
URS-NFR-SECURITY-005,Non-functional,Must,Proposed,,,EPIC-602;EPIC-605;EPIC-506,security,All users and operators,"The platform shall support encrypted metadata, object storage and secret-provider configurations. Target: Documented reference configurations use provider-managed or customer-managed encryption keys.",Configuration audit and restore test.,AMESH quality attribute
URS-NFR-SECURITY-006,Non-functional,Must,In Progress,,,EPIC-501;EPIC-502;EPIC-506;EPIC-613,security,All users and operators,"User, service, component and provider credentials shall be rotatable without rebuilding application images. Target: Reference rotation procedures complete without losing accepted work.","Automated token, certificate and external-secret rotation tests.",AMESH quality attribute
URS-NFR-SECURITY-007,Non-functional,Must,Proposed,,,EPIC-001;EPIC-305;EPIC-612,security,All users and operators,"Official artifacts shall include verifiable source provenance, SBOM and signatures. Target: 100% of official release artifacts have published checksums, SBOMs and signatures.",Release pipeline policy gate.,AMESH quality attribute
URS-NFR-SECURITY-008,Non-functional,Must,Proposed,,,EPIC-303;EPIC-209;EPIC-221;EPIC-222,security,All users and operators,"Untrusted user code and third-party plugins shall not execute inside the webserver, scheduler, executor or metadata database process. Target: All untrusted reference tasks and plugins run through isolated runners or plugin services.",Architecture test and runtime process inspection.,AMESH quality attribute
URS-NFR-SECURITY-009,Non-functional,Must,Proposed,,,EPIC-504,security,All users and operators,Security-relevant actions shall generate attributable audit records even when denied. Target: 100% coverage of the audited-action catalog in automated tests.,Endpoint-to-audit traceability suite.,AMESH quality attribute
URS-NFR-SECURITY-010,Non-functional,Must,Proposed,,,EPIC-003;EPIC-403;EPIC-505;EPIC-612,security,All users and operators,"Fresh production-oriented configurations shall fail closed for authentication, plugin trust, network exposure and secrets. Target: Security baseline scanner reports no critical unsafe defaults.",Configuration conformance and container scan.,AMESH quality attribute
URS-NFR-USABILITY-001,Non-functional,Must,In Progress,,,EPIC-004;EPIC-405,usability,All users and operators,"Flow validation shall return actionable errors tied to source locations. Target: p95 validation response below 1 second for a 5,000-line flow; every error includes code and location.",Editor benchmark and validation contract tests.,AMESH quality attribute
URS-NFR-USABILITY-002,Non-functional,Must,In Progress,,,EPIC-105;EPIC-109;EPIC-500;EPIC-802,usability,All users and operators,"State, admission, retry, cache, policy and authorization decisions shall expose human-readable evidence to authorized users. Target: Decision evidence is present in all catalogued decision scenarios.",Scenario-based UI and API acceptance tests.,AMESH quality attribute
URS-NFR-USABILITY-003,Non-functional,Must,Proposed,,,EPIC-001;EPIC-411;EPIC-600,usability,All users and operators,"A new contributor shall be able to start the reference stack and run a sample flow from documented steps. Target: Median completion below 20 minutes on a clean supported workstation, excluding image download time.",Quarterly external documentation usability test.,AMESH quality attribute
URS-NFR-USABILITY-004,Non-functional,Must,In Progress,,,EPIC-404;EPIC-405;EPIC-407,usability,All users and operators,The GA web interface shall conform to WCAG 2.2 AA for supported workflows. Target: No critical or serious automated findings and manual keyboard and screen-reader acceptance.,Automated accessibility scan plus manual audit.,AMESH quality attribute
URS-NFR-USABILITY-005,Non-functional,Must,Proposed,,,EPIC-402;EPIC-410;EPIC-608,usability,All users and operators,"Destructive UI and CLI operations shall present impact, scope and recovery consequences before execution. Target: All destructive-action catalog entries have preview or explicit force semantics.",Interaction and CLI contract tests.,AMESH quality attribute
